{
    "w_eb5ca7e7-197b-4128-9cdd-17b8d7d07803": {
        "name": "Efren Selva",
        "base_salary": 10119
    },
    "w_ad84fb4e-5229-4c19-91e7-5e5cf8d3f20c": {
        "name": "Alan Brown",
        "base_salary": 10715
    },
    "w_653b3a89-c5fa-466b-a477-f0c09a724cdd": {
        "name": "Douglas Case",
        "base_salary": 8259
    },
    "w_7fbf0deb-0c65-449a-91ee-0e9e8cff4d0c": {
        "name": "Christa Scott",
        "base_salary": 11672
    },
    "w_cf0ff121-da11-4b5c-b191-4d895ce97512": {
        "name": "Christopher Greer",
        "base_salary": 9408
    },
    "w_0fad1711-5bff-4cc8-b0da-fbd046d62bc7": {
        "name": "Doris Bryan",
        "base_salary": 10014
    },
    "w_fb00e403-0b78-4447-b8be-bf271d2850ed": {
        "name": "Shirly Kelly",
        "base_salary": 10331
    },
    "w_fc64a56e-9c85-4ab7-a082-a3507df9ee7c": {
        "name": "Chad Henrick",
        "base_salary": 9529
    },
    "w_299e10dc-a027-487e-97d0-d5e244dd6b40": {
        "name": "Donnell Darby",
        "base_salary": 10164
    },
    "w_86ddc99c-17a2-42a1-a628-d28c4245b380": {
        "name": "Fernando Decker",
        "base_salary": 9425
    },
    "w_733cb1de-2aab-4b9d-bf45-5263ac5799b7": {
        "name": "Kevin Pape",
        "base_salary": 9580
    },
    "w_833f6df7-51b5-4792-9080-d642b41b7cbf": {
        "name": "Brent Wilmot",
        "base_salary": 9973
    },
    "w_04df9ec5-60e6-4167-896d-1e869da10f6a": {
        "name": "Albert Huntington",
        "base_salary": 10740
    },
    "w_e55b0c9a-3894-4a96-a7cf-5b059e9c77c3": {
        "name": "Pauline Butler",
        "base_salary": 9833
    },
    "w_88177861-33fb-4d4f-8ef8-a6587506fa74": {
        "name": "Kenneth Facteau",
        "base_salary": 9686
    },
    "w_9a21c8b0-2404-4bc4-9d12-3cb41fe1e066": {
        "name": "Jerry Villar",
        "base_salary": 10295
    },
    "w_8184008c-9e30-4ce8-bbf8-53b4d3dcd9f2": {
        "name": "Michael Mccormick",
        "base_salary": 9897
    },
    "w_d69e7b75-1ad7-45ea-9dcb-637d859b0b94": {
        "name": "James Kelley",
        "base_salary": 9075
    },
    "w_d8753b45-e3a4-4672-aa48-7710a8982558": {
        "name": "Brent Barber",
        "base_salary": 10280
    },
    "w_ac04716d-0fb8-40a0-9738-f5a3acd367b1": {
        "name": "Sandy Cunningham",
        "base_salary": 10226
    },
    "w_470de5a9-13db-41ad-b516-520132b65470": {
        "name": "Tracy Seyer",
        "base_salary": 10936
    },
    "w_2d17dec8-9c6f-4065-b4f8-63165025f83a": {
        "name": "William Swaim",
        "base_salary": 9837
    },
    "w_9ca6fd20-560c-4cec-b99f-9d349f868987": {
        "name": "John Neese",
        "base_salary": 12239
    },
    "w_86f3ba5a-e222-46bf-bcdb-ca8b807aaabb": {
        "name": "Karla Slone",
        "base_salary": 9450
    },
    "w_4fc7534a-bebf-4ce6-9497-0b40302847ea": {
        "name": "Helen Miller",
        "base_salary": 10515
    },
    "w_5539579e-476c-4651-8dd2-446eb0bb1b78": {
        "name": "Robert Faires",
        "base_salary": 10688
    },
    "w_99dc19f8-d419-4f93-b3a5-7593a81abb1f": {
        "name": "Fannie Mayo",
        "base_salary": 11080
    },
    "w_1d62ee6a-638d-4dfb-8245-1bf1221e9824": {
        "name": "Wayne Roye",
        "base_salary": 10480
    },
    "w_55426154-3e89-4fca-85e6-cc5fa4b848b5": {
        "name": "Glenn Seward",
        "base_salary": 10479
    },
    "w_746fa71e-d08c-4a3e-8455-c4862c6af0ff": {
        "name": "Robert Anderson",
        "base_salary": 10365
    },
    "w_cfecb8e9-7160-466a-b281-4f62652e5e99": {
        "name": "Randall Stalzer",
        "base_salary": 11387
    },
    "w_dd8ec94c-3987-49fc-909e-5e8fb1e05386": {
        "name": "Michael Huntley",
        "base_salary": 9671
    },
    "w_1ab6baf9-ad10-47b5-bf0f-f43ff9fc8bc9": {
        "name": "Janna Richardson",
        "base_salary": 9627
    },
    "w_d622659d-40f6-40af-a87a-499854889b89": {
        "name": "Bob Coon",
        "base_salary": 10061
    },
    "w_90327b9d-3190-4ad6-a886-2ee919597a82": {
        "name": "Katrina Clark",
        "base_salary": 9203
    },
    "w_b36ab6fb-e94c-4aa3-84a5-ba2992dd4960": {
        "name": "Sandra Rasmusson",
        "base_salary": 10698
    },
    "w_19fef12e-6b76-4f1e-a930-344d8f857581": {
        "name": "Kevin Mitchell",
        "base_salary": 10613
    },
    "w_0859e2b7-1310-4193-981a-86cfe3512e74": {
        "name": "Melvin Knighton",
        "base_salary": 9077
    },
    "w_9fb51ec3-574c-4d96-8424-a545170e9e6b": {
        "name": "Robert Jackson",
        "base_salary": 10389
    },
    "w_0da1e9f5-2f4d-4636-a964-3d1ab8f61a48": {
        "name": "Daniela Pergande",
        "base_salary": 10194
    },
    "w_66bb022c-831d-458d-8b8d-00a85813759c": {
        "name": "Regina Breunig",
        "base_salary": 10158
    },
    "w_f21b1aec-bcf4-4e66-b88e-a231c899b13d": {
        "name": "Kevin Appleby",
        "base_salary": 10098
    },
    "w_bbbf5347-abe8-4bfe-996c-0a0d23ac00d1": {
        "name": "Samuel Taylor",
        "base_salary": 10266
    },
    "w_f519fb64-5a40-4343-8b0f-a1d87924294b": {
        "name": "Mary Tellez",
        "base_salary": 9385
    },
    "w_3898999d-649f-461e-9b90-f15eaa0b3550": {
        "name": "Norman London",
        "base_salary": 13529
    },
    "w_a432a05e-9d1b-452c-a20e-d670f53165bb": {
        "name": "Anna Cancro",
        "base_salary": 9614
    },
    "w_130d1685-8006-46e2-9fc8-8157bc66dc38": {
        "name": "Joe Anderson",
        "base_salary": 9256
    },
    "w_c5b9e1d1-0d90-4ecf-b33c-1aed6e792f65": {
        "name": "Mary Flint",
        "base_salary": 8588
    },
    "w_a70c1b16-d8ed-4b25-99db-9ae04b0d91b6": {
        "name": "Rita Clevenger",
        "base_salary": 12122
    },
    "w_dbd3c72c-5f8a-4d2c-9746-d62f91ecc1df": {
        "name": "Arthur Cowart",
        "base_salary": 10386
    },
    "w_c4716d03-a876-47e9-b03f-075498567f6c": {
        "name": "Julio Clos",
        "base_salary": 10142
    },
    "w_f0c2d3e6-0192-4392-8d43-5c28b474697b": {
        "name": "Don Morrison",
        "base_salary": 10557
    },
    "w_a5cf1a3b-e866-42cc-8d30-999bb863272f": {
        "name": "Jeremy Hinchee",
        "base_salary": 10438
    },
    "w_27db95f2-239f-4ae9-9408-5d9fa5b203e9": {
        "name": "Stephen Lewis",
        "base_salary": 9150
    },
    "w_dc13dec8-1881-43bb-a43d-342a41b22f9e": {
        "name": "Alice Stringer",
        "base_salary": 10417
    },
    "w_c98f5540-4cbb-4386-89ca-1bdf77e9c389": {
        "name": "Glennis Mohr",
        "base_salary": 9199
    },
    "w_ee21d910-b1c7-4de5-8494-aaf0e6db1bed": {
        "name": "Rachel Daley",
        "base_salary": 9397
    },
    "w_616e1caf-d32e-47a9-981a-4655fd348c7b": {
        "name": "John High",
        "base_salary": 10156
    },
    "w_d5f03d7d-bf61-4f43-a8bb-99f935bcd776": {
        "name": "Tiffany Burnham",
        "base_salary": 9816
    },
    "w_20d72cb4-a18f-41d1-a6b5-e95a78a4d563": {
        "name": "Stephen Robson",
        "base_salary": 9640
    },
    "w_882f3c13-a2a0-4fd5-a0e8-4698f63e92d2": {
        "name": "Alma Heatherington",
        "base_salary": 10025
    },
    "w_6d99c0ae-862f-4226-96f2-fe443fe19620": {
        "name": "Randall Leib",
        "base_salary": 10483
    },
    "w_4acd7fa6-1010-4a06-b8ed-f58f798f2c48": {
        "name": "Stella Hall",
        "base_salary": 10133
    },
    "w_dd424a06-52c8-4671-affa-ce7ef4b37e0c": {
        "name": "Sylvester Gonzalez",
        "base_salary": 10706
    },
    "w_2589f022-bf97-46fe-9f4c-b2ad2ed840b4": {
        "name": "Judy Tsai",
        "base_salary": 9018
    },
    "w_3003ca3e-6b26-46a7-8a65-f220691c712a": {
        "name": "Leroy Sietsma",
        "base_salary": 9613
    },
    "w_5c66c1bd-31c9-4be0-893a-2d9a2f54a4b5": {
        "name": "Theo Stoneham",
        "base_salary": 9993
    },
    "w_f30193a3-90e4-4750-9fec-72c9472bf5ed": {
        "name": "Lillian Murff",
        "base_salary": 9565
    },
    "w_d20c9d1d-bdb5-425b-92a6-b935032a7292": {
        "name": "Eric Dyer",
        "base_salary": 9950
    },
    "w_f96546df-9806-44b8-817f-1164b477f5bf": {
        "name": "Nita Moss",
        "base_salary": 11871
    },
    "w_5199eec0-1482-4ce3-8bc8-072f776c7c78": {
        "name": "Timothy Fortin",
        "base_salary": 11064
    },
    "w_c713adf5-8785-4924-aa08-1b455028650b": {
        "name": "Nicole Rios",
        "base_salary": 10193
    },
    "w_573c0d30-0ead-4234-b602-7b09e0154a37": {
        "name": "Katherine Mckeown",
        "base_salary": 9896
    },
    "w_199e215c-3bd7-45db-b7b5-9e8e7a32febf": {
        "name": "Jerry Kirschman",
        "base_salary": 9534
    },
    "w_dc07f41e-0ac5-4533-8228-307fae340292": {
        "name": "Dan West",
        "base_salary": 9693
    },
    "w_9eb61e11-8f19-4ef2-8822-9af28ca3d31c": {
        "name": "David Copeland",
        "base_salary": 10051
    },
    "w_26605574-993f-428a-9ca8-b1950f14e44c": {
        "name": "Margot Carlson",
        "base_salary": 10281
    },
    "w_34551e2b-867d-4b8f-9503-04e387f1bb9c": {
        "name": "Elisabeth Arant",
        "base_salary": 9584
    },
    "w_1f3c74c0-c7d8-4440-8b6b-8e9c3ee3200f": {
        "name": "Calvin Halladay",
        "base_salary": 9790
    },
    "w_0bbdee52-4609-4074-878d-580a0d11ed46": {
        "name": "James Perez",
        "base_salary": 10538
    },
    "w_821d5618-7c5b-49f8-823c-7bcb11ae5908": {
        "name": "Kyle Graham",
        "base_salary": 9943
    },
    "w_2b44fdb0-dd57-48b3-9be2-38351090bd89": {
        "name": "Randy Gamble",
        "base_salary": 12016
    },
    "w_f2878092-784b-469b-9883-26ce9c4f634a": {
        "name": "Stephanie Moody",
        "base_salary": 9980
    },
    "w_2ba3d066-4531-4e77-9c1b-031aef2a16e4": {
        "name": "Joe Stroud",
        "base_salary": 9655
    },
    "w_5573a957-afdf-4254-b239-87a1a0e7bde6": {
        "name": "Elizabeth Whitty",
        "base_salary": 10223
    },
    "w_41912f93-324d-4352-bd98-0256aa8765c6": {
        "name": "Laura Speegle",
        "base_salary": 10450
    },
    "w_ea058d24-9144-4a11-8b03-4ab0dae69d58": {
        "name": "Fred Gonzalez",
        "base_salary": 9251
    },
    "w_d975f85d-558e-44dd-97ba-f8cccc30f626": {
        "name": "Richard Jacobson",
        "base_salary": 9762
    },
    "w_8de708e6-ceb1-413e-93da-d29ce1f88faf": {
        "name": "David Griffin",
        "base_salary": 8971
    },
    "w_4add015a-0ae1-4112-a840-9d8114aabfc5": {
        "name": "John Jones",
        "base_salary": 9889
    },
    "w_bc1a926b-4f3f-49fd-b179-2376718c1f30": {
        "name": "Donald Frazier",
        "base_salary": 10159
    },
    "w_9d43c243-d175-46b3-a2d7-58fb745d747d": {
        "name": "Mollie Hamilton",
        "base_salary": 10842
    },
    "w_f186a040-5cbb-43f6-b7f2-d9f0067806ce": {
        "name": "Billie Hamm",
        "base_salary": 10393
    },
    "w_76e2b0c4-aff9-4d02-82a2-8aa3e0bef3a6": {
        "name": "Celeste Sandlin",
        "base_salary": 10383
    },
    "w_65d742a5-59dc-43f3-9a45-66431e2f50e8": {
        "name": "Emily Rodgers",
        "base_salary": 10591
    },
    "w_018e899e-f64b-41e3-9f44-c25d14cd8660": {
        "name": "Vivian Britt",
        "base_salary": 10536
    },
    "w_75a5da5d-aa65-469d-959a-c9639b63fdd0": {
        "name": "Charles Westfall",
        "base_salary": 9916
    },
    "w_7e48559e-38f3-4eaa-83ba-2c1b0c2b2e29": {
        "name": "Donald Anastasiades",
        "base_salary": 10038
    },
    "w_5101809c-6404-4123-90ab-a3327181a58c": {
        "name": "Judy Anderson",
        "base_salary": 9518
    },
    "w_32f02c22-57d0-4f53-986a-cc35a76ebd80": {
        "name": "Tony Horton",
        "base_salary": 10130
    },
    "w_b6354b14-b91e-4cf3-bc3a-0ecce37dbc8d": {
        "name": "Nancy Malbon",
        "base_salary": 9037
    },
    "w_05fcac2b-f544-4bbc-82ab-b3f1d914ebed": {
        "name": "Alan Harris",
        "base_salary": 10207
    },
    "w_d6c7af8a-cfeb-4f91-96b6-a03658220e3f": {
        "name": "Dorothy Perry",
        "base_salary": 9162
    },
    "w_d7742307-bb53-469a-a190-bbba402d8c18": {
        "name": "Angela Bennett",
        "base_salary": 10503
    },
    "w_c1fc0b4d-12ca-4ff7-9d2e-74e23561c955": {
        "name": "Barry Ruffin",
        "base_salary": 9212
    },
    "w_8ef4230c-0e86-433b-a1e6-53c748d7685c": {
        "name": "Alexandra Phillips",
        "base_salary": 10316
    },
    "w_76797ea1-0e6c-4dc2-9c61-c4c74f5da22c": {
        "name": "Mauricio Roberts",
        "base_salary": 10995
    },
    "w_010ff3f2-78e3-41fa-95e2-5443dcc2aacd": {
        "name": "Marjorie Hall",
        "base_salary": 9783
    },
    "w_c066e101-7894-4338-b60f-b3ca7b9590d7": {
        "name": "Lester Gonzales",
        "base_salary": 10685
    },
    "w_09c3137b-5769-44bb-a6e1-9fbe279e6bed": {
        "name": "Carla Galloway",
        "base_salary": 10732
    },
    "w_74fba8f4-dc9c-4709-9887-5e6ac3694e11": {
        "name": "Robert Carroll",
        "base_salary": 9681
    },
    "w_c47dd8ed-cbaf-422c-b1b4-f08946a08872": {
        "name": "Sachiko Ridge",
        "base_salary": 11673
    },
    "w_496a2239-34a5-4fb0-a0f3-60f844ed124b": {
        "name": "Carol Rackley",
        "base_salary": 11114
    },
    "w_ff6501e8-b49a-4512-a9eb-e06565d21355": {
        "name": "Justin Stevens",
        "base_salary": 9805
    },
    "w_228319c5-8f69-473a-a40a-131c0772d0d6": {
        "name": "Mark Rose",
        "base_salary": 10329
    },
    "w_cf854761-dc29-47ea-9512-eaf2781d8909": {
        "name": "Ron Winter",
        "base_salary": 10319
    },
    "w_04bab858-b760-45fb-9f02-67c54c85e5e1": {
        "name": "Philip Paquette",
        "base_salary": 10031
    },
    "w_86917a2b-1ce7-4212-bbd5-775f01c60232": {
        "name": "Frances Nelson",
        "base_salary": 9583
    },
    "w_a9df790a-7a52-43b3-a52b-44330928b731": {
        "name": "Enriqueta Betton",
        "base_salary": 10069
    },
    "w_d54e6092-4441-4d54-9b4f-c7a84c6ff34c": {
        "name": "Dorthy Parham",
        "base_salary": 10177
    },
    "w_01fd307f-5622-4dd4-8529-2bb43103b107": {
        "name": "William Batson",
        "base_salary": 9646
    },
    "w_eda5674f-6916-4dc2-8129-4348cfb127fa": {
        "name": "Harry Kridel",
        "base_salary": 9137
    },
    "w_67a6b8be-9be1-4c90-93e8-97cce8731f86": {
        "name": "Cindy Dykes",
        "base_salary": 10036
    },
    "w_3e124a0d-500e-47e9-b55a-dc61247b7435": {
        "name": "Keri Cerullo",
        "base_salary": 9878
    },
    "w_cb213441-ef68-4074-9799-e8716c42b060": {
        "name": "Theodore Bean",
        "base_salary": 10270
    },
    "w_a55992c0-5a2a-46df-9ee3-44dd634e7012": {
        "name": "Andre Barraza",
        "base_salary": 10644
    },
    "w_b374f4b5-9713-43f4-a82b-d45192171312": {
        "name": "Karen Johnson",
        "base_salary": 9549
    },
    "w_aab97eef-a107-404f-819f-e504de5f0513": {
        "name": "Paul Livings",
        "base_salary": 9697
    },
    "w_e5619f04-d3da-449c-8459-8ad00c9028d4": {
        "name": "Jean Good",
        "base_salary": 9883
    },
    "w_b5ba6876-6fa1-4449-ba14-a7dbeddf2acc": {
        "name": "John Malone",
        "base_salary": 10001
    },
    "w_ab70dc14-64d4-4c62-bb17-1376129fb3db": {
        "name": "Jerry Wall",
        "base_salary": 10239
    },
    "w_1c3b215e-0e6a-4606-b129-dae32f18c84f": {
        "name": "Winona Spragg",
        "base_salary": 9714
    },
    "w_374c6f15-8fb5-4504-9bac-cf9127fe5b2f": {
        "name": "William Stafford",
        "base_salary": 9517
    },
    "w_7862bf0c-d893-45cd-b0f9-f823342d0cd3": {
        "name": "Larry Barstow",
        "base_salary": 9969
    },
    "w_f275ce75-072d-47cd-a29a-50ce0c3f1a01": {
        "name": "Ted Foreman",
        "base_salary": 9841
    },
    "w_d5213d16-8ea1-421d-8ddc-35d377944891": {
        "name": "Tory Fountain",
        "base_salary": 10675
    },
    "w_b3be07e6-429b-4cd4-80a8-993ca321861d": {
        "name": "Robert Nova",
        "base_salary": 10763
    },
    "w_38aec61c-562f-4412-bbff-05a4d0f43992": {
        "name": "Adrianne Jones",
        "base_salary": 9982
    },
    "w_ac742126-fa9e-401f-8729-4a32e2545311": {
        "name": "Claudia Vine",
        "base_salary": 10133
    },
    "w_19634c1d-707f-480d-8a7c-35bf641f8e48": {
        "name": "Mildred Rosol",
        "base_salary": 10742
    },
    "w_63db8f91-3d8e-4f62-9f1c-3a7e6e8bae1f": {
        "name": "Leslie Dotson",
        "base_salary": 9920
    },
    "w_2585a68a-1210-4929-8979-636b35d40008": {
        "name": "Kurt Choi",
        "base_salary": 10428
    },
    "w_d3d81f85-6cc8-46a4-b5f0-eb6c8ca3f0e8": {
        "name": "Eric Johnson",
        "base_salary": 11083
    },
    "w_6072418a-ffa9-4b5b-bb3a-03f6eba86cbd": {
        "name": "Gregory Bennett",
        "base_salary": 10141
    },
    "w_9c9417d9-139b-45a0-9896-f7a22986881f": {
        "name": "Margaret Lorello",
        "base_salary": 10222
    },
    "w_2d3c17cb-e637-49da-bc4a-8ad1e8d67273": {
        "name": "Christopher Thurman",
        "base_salary": 9838
    },
    "w_51bb47b0-799c-48c7-b868-e4f781876a84": {
        "name": "Murray Longshore",
        "base_salary": 8965
    },
    "w_93a32820-167f-4bcb-9feb-e26763ef3928": {
        "name": "Jennifer Blodgett",
        "base_salary": 9646
    },
    "w_5ac5517e-05e3-46f8-981a-a388de98f461": {
        "name": "Arthur Tam",
        "base_salary": 10932
    },
    "w_660457f1-6107-47f4-b089-4cc27608cd32": {
        "name": "Cindy Brown",
        "base_salary": 11392
    },
    "w_0d10ba2b-307b-45a8-ae82-23d95506d672": {
        "name": "Andrea Gordon",
        "base_salary": 9782
    },
    "w_10073012-ef9a-4112-bd31-13932f641ed8": {
        "name": "Adam Brunet",
        "base_salary": 10236
    },
    "w_367c82dd-8a2f-42d8-8aff-c5b010aa8a05": {
        "name": "Darcy Ross",
        "base_salary": 10095
    },
    "w_ba546b7c-140a-4242-a2ef-aedfd72b49dc": {
        "name": "Keith Vanderford",
        "base_salary": 11169
    },
    "w_c9d5a828-8bc0-4b2c-8286-7418e17256d6": {
        "name": "Molly Brooks",
        "base_salary": 10823
    },
    "w_56cf8130-3cb5-47e4-b8c9-4bc67b38f285": {
        "name": "Kevin Watkins",
        "base_salary": 9123
    },
    "w_6876059a-dcaa-44ae-8083-6d1fa2a28209": {
        "name": "Joseph Mason",
        "base_salary": 9620
    },
    "w_4b603ace-e681-4a9c-af2e-d9968c45e4ab": {
        "name": "Jesse Palmer",
        "base_salary": 9063
    },
    "w_cfd37697-b588-4d55-8123-797df2b3b5f9": {
        "name": "Christopher Arbuckle",
        "base_salary": 9765
    },
    "w_a2fdbb07-9749-466e-aa78-7cf97cf196e8": {
        "name": "Gertrude James",
        "base_salary": 9591
    },
    "w_9e0172f8-c7f4-4db5-8c4e-ffb0256a9d54": {
        "name": "Frank Jones",
        "base_salary": 9839
    },
    "w_1c85fb3c-075b-425f-b910-36d7d7bb43fe": {
        "name": "Maggie Meader",
        "base_salary": 8790
    },
    "w_09e606bc-e939-47c4-991a-5ca52954ae07": {
        "name": "Kathryn Banks",
        "base_salary": 10586
    },
    "w_f8bab081-498a-4651-8c46-906f3f72799b": {
        "name": "William Irwin",
        "base_salary": 10329
    },
    "w_f035ae2e-a6b5-401d-901c-dcb433d79625": {
        "name": "Anna Solomon",
        "base_salary": 10347
    },
    "w_209427d4-76da-48d2-8bd1-83d8d60c3b53": {
        "name": "Benjamin Parkhill",
        "base_salary": 10023
    },
    "w_c6eeaea2-81e5-42cb-b24a-9a7bbc6da7ed": {
        "name": "Richard Todd",
        "base_salary": 9050
    },
    "w_32b1daba-07d5-4609-b5d2-468659a56694": {
        "name": "Ada Creel",
        "base_salary": 10460
    },
    "w_b6cd7365-4eb2-46dc-9f9a-2d99b6098854": {
        "name": "Donna Walker",
        "base_salary": 10472
    },
    "w_0d0e3bd8-7651-4138-986d-9f920022c654": {
        "name": "Theodore Garand",
        "base_salary": 9893
    },
    "w_4832257d-af3c-40a0-897a-125b596d69cd": {
        "name": "Francisco Adams",
        "base_salary": 9370
    },
    "w_56f9b83e-2096-4cb5-8704-1cfe115614f3": {
        "name": "Linda Prosser",
        "base_salary": 10217
    },
    "w_11122180-11ce-4f19-a2ae-a4d76066a915": {
        "name": "Elliot Coleman",
        "base_salary": 9608
    },
    "w_5cb82b9b-6708-4db9-82c5-b05c4cff8d4c": {
        "name": "Juan Shaw",
        "base_salary": 12092
    },
    "w_8c665353-bbb4-41a8-a458-3cef6cfc78cc": {
        "name": "Sadie Yoxall",
        "base_salary": 10197
    },
    "w_07b33249-0ea8-4c82-9610-8da87a04ded8": {
        "name": "Teresa Lewis",
        "base_salary": 10452
    },
    "w_d24acae1-0273-4618-8f0d-129b6883f2c5": {
        "name": "Larry Bernstein",
        "base_salary": 10080
    },
    "w_60f6ba56-bc4b-4ff4-b3b2-04c8efa6fbb5": {
        "name": "Brandon Zwiebel",
        "base_salary": 9825
    },
    "w_bf504570-51d1-461c-a4e3-296bf25ef64c": {
        "name": "Joseph Hornback",
        "base_salary": 9635
    },
    "w_a51d3d45-1d32-49d5-9a46-89f10ab1d025": {
        "name": "Joseph Harrison",
        "base_salary": 9667
    },
    "w_94480bfb-d33f-43c1-9acd-bfd09c598eba": {
        "name": "Jonathan Rohrbacher",
        "base_salary": 10031
    },
    "w_9004c07b-62b3-4b02-9a3a-5a629a199385": {
        "name": "Audrey Williams",
        "base_salary": 9964
    },
    "w_26b1cc1f-2a74-4a29-84ef-dd1426a99c48": {
        "name": "Steven Dreyer",
        "base_salary": 9469
    },
    "w_0d6b1f68-8d0f-46f3-8cab-2d6f9b3c12b8": {
        "name": "Ricky Mawyer",
        "base_salary": 11426
    },
    "w_b350ecb6-cd3a-41a0-a224-e4a347fc5be8": {
        "name": "Jane Bone",
        "base_salary": 9883
    },
    "w_1a2d5902-6844-4854-b477-b74ebdea3c85": {
        "name": "Steve Robinson",
        "base_salary": 9581
    },
    "w_1604a020-f882-43a2-9288-88268fd54885": {
        "name": "Christopher Coppedge",
        "base_salary": 9851
    },
    "w_d60cfa85-0a28-43b4-9aba-3bf5d7b6aee9": {
        "name": "Karen Nogle",
        "base_salary": 10602
    },
    "w_793b8c59-faca-4195-abf0-ee4aa8bc27cb": {
        "name": "Robert Peterson",
        "base_salary": 10417
    },
    "w_1bf9f7ad-aa9d-43d9-bc21-68ee50d9a44b": {
        "name": "Irene Smith",
        "base_salary": 9911
    },
    "w_e45d8ded-09df-4ccc-b28a-2ee1f801341b": {
        "name": "Tyron Mosley",
        "base_salary": 10481
    },
    "w_734d4925-32f8-448b-a144-68b74c1b9faa": {
        "name": "Wayne Kennedy",
        "base_salary": 8868
    },
    "w_16a5245f-f148-43b5-a50b-c98626e434e2": {
        "name": "Ronald Higgins",
        "base_salary": 10024
    },
    "w_acb182c6-1637-4bbd-99e3-e17e7100280b": {
        "name": "Aldo Diaz",
        "base_salary": 10611
    },
    "w_ed674fa2-154f-4e27-baa4-17ea6abaf870": {
        "name": "Desiree Russo",
        "base_salary": 10147
    },
    "w_a8dd01b6-f9ed-4025-bf2e-cecd49f851b7": {
        "name": "Aaron Sammons",
        "base_salary": 9834
    },
    "w_4d5415c8-f6ae-4423-a9ce-6c970ef8a5fc": {
        "name": "Alma Force",
        "base_salary": 10094
    },
    "w_691b8294-a7ae-4321-9409-f03c4c40c1ab": {
        "name": "Chad Skinner",
        "base_salary": 9037
    },
    "w_baba4256-6637-482c-be0e-5276d8536be5": {
        "name": "Mike Dickinson",
        "base_salary": 10159
    },
    "w_5d9a9efd-9273-4e23-a555-d94e43d8ca7f": {
        "name": "Steven Miller",
        "base_salary": 9492
    },
    "w_6002bdb8-f0dc-4947-8cb6-c62464807b04": {
        "name": "Courtney Morgan",
        "base_salary": 11107
    },
    "w_8871c807-3552-4d49-8453-e1106cb47cdd": {
        "name": "Karla Chesterfield",
        "base_salary": 10679
    },
    "w_b5db0b51-4387-4ddd-ac8a-d1900dfd3b7a": {
        "name": "Ryan Detrolio",
        "base_salary": 9814
    },
    "w_ca7cb656-06a5-498a-a00f-ceb2cd15cf97": {
        "name": "John Beavers",
        "base_salary": 9375
    },
    "w_0cb05b4e-47e3-4da7-a9b3-301369266394": {
        "name": "Charles Mariscal",
        "base_salary": 10108
    },
    "w_691d0e86-6e21-4391-bc17-61d9a08873fc": {
        "name": "Arthur Johnson",
        "base_salary": 11717
    },
    "w_cf23e2b0-be1d-4ce5-be93-bed6c223aa38": {
        "name": "Douglas Clark",
        "base_salary": 9993
    },
    "w_5ccbb9e2-7105-48d3-92cf-d0d87416b50b": {
        "name": "Andrew Woodard",
        "base_salary": 10305
    },
    "w_7e447ee8-425b-4c49-a05e-e48ecc5d1df0": {
        "name": "Lucie Perkins",
        "base_salary": 9861
    },
    "w_498b3e55-5c34-4d53-bc41-739756a4645f": {
        "name": "Rodney Clegg",
        "base_salary": 10941
    },
    "w_b6d4b3a6-f97c-4a28-81bb-2ac49cff23b8": {
        "name": "Amanda Bowman",
        "base_salary": 9420
    },
    "w_865c1136-a387-4011-8350-1840217d0cd8": {
        "name": "Judy Espinoza",
        "base_salary": 9735
    },
    "w_c9379caf-d27a-4d24-a3ff-b0a8f6557c45": {
        "name": "Ruth Hughes",
        "base_salary": 10301
    },
    "w_600f7753-fc4d-482d-8a34-41c96cade112": {
        "name": "Robert Adams",
        "base_salary": 9781
    },
    "w_0baf1db1-50e1-4dc0-8fb9-56d16ed487ed": {
        "name": "Myra Mccrary",
        "base_salary": 9452
    },
    "w_1e6e84f6-dc3b-400c-a1bf-79212717bf5b": {
        "name": "David Erekson",
        "base_salary": 10004
    },
    "w_f48122b9-e6df-4aa3-ba1c-60629e640885": {
        "name": "Edward Moody",
        "base_salary": 10171
    },
    "w_077779d1-2ec6-4773-92d5-6684f748d944": {
        "name": "Scott Honea",
        "base_salary": 9306
    },
    "w_f89a4cc1-91cb-4d46-8a68-6576c735b3b6": {
        "name": "Ronald Miller",
        "base_salary": 10143
    },
    "w_1a674e96-2ddb-4719-9ff7-2c03208b716e": {
        "name": "Michael Johnson",
        "base_salary": 10332
    },
    "w_d4cd23af-8896-482d-9564-dfa0a1ba28a2": {
        "name": "Angel Kern",
        "base_salary": 10001
    },
    "w_72253659-fb22-4db0-8ec8-cf30c6e5729b": {
        "name": "John Hewitt",
        "base_salary": 10169
    },
    "w_3ea8791e-739e-47c4-8944-06234a248fab": {
        "name": "Christopher Smith",
        "base_salary": 9995
    },
    "w_04164728-b167-44ba-a7d3-908c32bff02e": {
        "name": "Jonathan Atchison",
        "base_salary": 10221
    },
    "w_0a68277d-351b-4c08-a781-a839ae3d492a": {
        "name": "Kenneth Pingrey",
        "base_salary": 9735
    },
    "w_ee0c913c-459a-431d-b01e-d92971cb3094": {
        "name": "Stephen Motley",
        "base_salary": 9469
    },
    "w_a043631f-ab4a-47de-bacf-3a381d37791a": {
        "name": "Jason Goldman",
        "base_salary": 10813
    },
    "w_4d434661-6008-4c3e-a914-0bdb1565e654": {
        "name": "Randy Bica",
        "base_salary": 9539
    },
    "w_ac262a7e-914b-498c-a895-a2be01c0c33c": {
        "name": "James Oliver",
        "base_salary": 10688
    },
    "w_1c56e7cd-e5eb-4fe9-9562-9d3da84efae4": {
        "name": "Dale Mcclanahan",
        "base_salary": 10970
    },
    "w_a383c47c-dcd9-46c5-a637-6a6b9e165c9a": {
        "name": "Jorge Winkler",
        "base_salary": 10754
    },
    "w_294a10d8-6f2c-4209-9c7d-27a0dab323f1": {
        "name": "James Lee",
        "base_salary": 9527
    },
    "w_523e121a-c18b-4783-9b3e-f11916a835dd": {
        "name": "Linda Poucher",
        "base_salary": 9518
    },
    "w_8d20cb3d-09aa-4e7f-ad6a-2d0b8e5a43a8": {
        "name": "Gary Cox",
        "base_salary": 9450
    },
    "w_e1a9654f-4807-4cdf-beef-441e084a3588": {
        "name": "Florence Richard",
        "base_salary": 9354
    },
    "w_54bb757f-64b6-46af-8f34-7c6e64ac43e6": {
        "name": "Henry Lewis",
        "base_salary": 10045
    },
    "w_10538f1d-fdc2-45e6-9602-b3be8b6ad1dd": {
        "name": "David Bush",
        "base_salary": 10310
    },
    "w_bc4dc0be-c364-42f5-8758-344d0936c36c": {
        "name": "William Win",
        "base_salary": 9617
    },
    "w_d4cbacf3-2005-45a3-82d8-b48a77c34db5": {
        "name": "Donald Legrand",
        "base_salary": 10230
    },
    "w_4aedf9cc-198d-4b41-b5a8-c3b036af3490": {
        "name": "Mary Hutchens",
        "base_salary": 10361
    },
    "w_b5dafa12-e908-479c-bd1b-2ace9c3bceba": {
        "name": "William Barger",
        "base_salary": 10334
    },
    "w_5db9ee9d-7d89-45dd-a5dc-18969f122b97": {
        "name": "Michael Koons",
        "base_salary": 12482
    },
    "w_9c14769b-0fba-4811-b6b1-319b92cd34ee": {
        "name": "Damon Bradley",
        "base_salary": 10041
    },
    "w_67bc0479-eebd-45e1-a043-8b2162ca8383": {
        "name": "Barbara Stovall",
        "base_salary": 10178
    },
    "w_9e4e450b-fa2f-4be0-ba3b-c35c27126a75": {
        "name": "Marsha Harris",
        "base_salary": 10432
    },
    "w_4e10c6ae-8286-416e-8ca6-4cc2cbc85c67": {
        "name": "Shannon Ono",
        "base_salary": 10541
    },
    "w_c378c858-237b-4e9b-9e9d-3263349a1ec5": {
        "name": "Jimmy Groth",
        "base_salary": 10929
    },
    "w_cb8e10f0-586b-4330-80de-326c3faf4588": {
        "name": "Sally Long",
        "base_salary": 11931
    },
    "w_37a08485-4b87-46de-968e-b4fb8603c658": {
        "name": "Gary Tingley",
        "base_salary": 10678
    },
    "w_4bd8a037-5242-44ce-8c3d-dc3c3c5a903b": {
        "name": "Louise Barbera",
        "base_salary": 10458
    },
    "w_4109bea5-8128-45ea-8b65-0f24e69e5844": {
        "name": "Louise Welsh",
        "base_salary": 10059
    },
    "w_a11d80e1-7057-49fd-ace7-33413e5b48fe": {
        "name": "Derek Stokes",
        "base_salary": 9670
    },
    "w_244e81a1-ebba-4229-9d0b-7b0bc321d57b": {
        "name": "Mark Figueroa",
        "base_salary": 9986
    },
    "w_68ff8b91-c2f7-4181-b2ee-c37f3aa91b91": {
        "name": "Cameron Davis",
        "base_salary": 9367
    },
    "w_033ff241-2767-417b-94b9-2140cb354603": {
        "name": "Steve Hill",
        "base_salary": 9268
    },
    "w_8cdbe3ac-ca2b-4b88-9c44-8f7c71bf3de3": {
        "name": "William Leblanc",
        "base_salary": 9519
    },
    "w_7149098f-fe3b-4d46-b601-1ad49ec87c28": {
        "name": "Donald Swanson",
        "base_salary": 10638
    },
    "w_5f2e12a4-b618-45d2-bd99-2fec60064b56": {
        "name": "Ann Grimes",
        "base_salary": 8919
    },
    "w_112137ec-c6c2-482a-8475-acf04ddfc22d": {
        "name": "Sarah Raines",
        "base_salary": 9893
    },
    "w_e13fccd8-de1a-44cf-a7c8-c479916054e4": {
        "name": "Shanelle Griffen",
        "base_salary": 9602
    },
    "w_78a96343-631a-4fb3-accf-632b61bd1a55": {
        "name": "Helen Rodriguez",
        "base_salary": 10358
    },
    "w_12ffaf7d-9c67-4fa0-ae1a-a21f2493a8ee": {
        "name": "Nancy Galinis",
        "base_salary": 11048
    },
    "w_d254e560-72f7-4e1c-8101-5c770466bae5": {
        "name": "Erica Kendall",
        "base_salary": 10114
    },
    "w_8dccebe9-7a50-4f42-9278-0b5fd8819db9": {
        "name": "Alicia White",
        "base_salary": 9689
    },
    "w_3bd13400-5b77-4e8b-81f1-4f2c38063865": {
        "name": "David Ellis",
        "base_salary": 11460
    },
    "w_8d420c02-1601-461d-8161-4e97fd44e818": {
        "name": "Juan Richey",
        "base_salary": 10330
    },
    "w_10be3a5b-3861-4e58-92ad-72c9917e4a3c": {
        "name": "James Lashley",
        "base_salary": 9503
    },
    "w_0c100d03-a3d1-4943-99d5-53150800923d": {
        "name": "Michael Dunneback",
        "base_salary": 9986
    },
    "w_0d721708-2de9-4982-8b29-857259ba530f": {
        "name": "Wayne Sosa",
        "base_salary": 9023
    },
    "w_c017d351-dbd5-432f-899b-170860be59ea": {
        "name": "Nila Gean",
        "base_salary": 10118
    },
    "w_cf92db64-b66c-4a6a-9fea-d47f633a89b0": {
        "name": "Joyce Synder",
        "base_salary": 10800
    },
    "w_6fe88570-0048-4d7d-a653-c91617db088b": {
        "name": "Jose Potter",
        "base_salary": 9983
    },
    "w_c81e3ba0-3c14-40f5-8186-2b5587f43dd9": {
        "name": "Humberto Dumar",
        "base_salary": 9964
    },
    "w_16d67af5-c389-4519-99cb-00b4b1248f06": {
        "name": "Linda Zamudio",
        "base_salary": 10893
    },
    "w_8ba177a1-1658-4196-9d54-4f6cd790f346": {
        "name": "Anna Chase",
        "base_salary": 11880
    },
    "w_ef70bd59-ee7e-4165-964b-d3531f95c4b9": {
        "name": "Mary Blomberg",
        "base_salary": 10070
    },
    "w_a41f6720-2573-4b74-bc27-e8b03405a639": {
        "name": "Timothy Jenkins",
        "base_salary": 10964
    },
    "w_3fc9b005-c583-4546-b0e5-586f32159cb2": {
        "name": "Larry Gorby",
        "base_salary": 10315
    },
    "w_ccabe1f3-45c3-49d1-b32f-4c297eda4521": {
        "name": "Ann Cooper",
        "base_salary": 10677
    },
    "w_a9077b4c-63a9-4f05-a38f-753cab8c6cad": {
        "name": "Shannon Crooks",
        "base_salary": 10524
    },
    "w_7a5125db-89c7-4c40-a984-75aa0f3ba543": {
        "name": "John Pitonyak",
        "base_salary": 11043
    },
    "w_5f36a84c-8b74-4fd8-9ed7-70109775ce64": {
        "name": "Francis Perry",
        "base_salary": 9881
    },
    "w_19eb8df9-a4cf-4e1a-8c54-9cbc79a6e345": {
        "name": "Jorge Scherrer",
        "base_salary": 9396
    },
    "w_b0408a12-d7ed-4304-9adb-adaf81ed7f98": {
        "name": "Glenda Dixon",
        "base_salary": 10761
    },
    "w_ad0b6ade-31ea-41ac-8957-a191ee90e526": {
        "name": "Jean Bergquist",
        "base_salary": 10250
    },
    "w_e46ab311-31bf-44a4-8a4e-535c16458a96": {
        "name": "Ida Bowman",
        "base_salary": 12132
    },
    "w_c64b8784-d797-4888-9e77-e71fcdc3edb3": {
        "name": "Elizabeth Schultz",
        "base_salary": 9435
    },
    "w_94e457bc-d647-4a0c-82f1-eefb8f5e1da0": {
        "name": "Darlene Belcher",
        "base_salary": 9899
    },
    "w_0b84e3f0-7d68-472e-a467-3a72a7696165": {
        "name": "John Yeager",
        "base_salary": 10072
    },
    "w_f483de89-4555-480b-9c8a-3fbd5fb29d5e": {
        "name": "Joe Carr",
        "base_salary": 8414
    },
    "w_35cd0c3e-44c5-414a-aa7b-3ef94951d52c": {
        "name": "Jonathan Schaper",
        "base_salary": 9908
    },
    "w_640a7b1a-d6ce-4e34-aa71-6d6191941a3a": {
        "name": "Sandra Conkel",
        "base_salary": 9367
    },
    "w_d92cef94-6b59-4f8e-99c8-c6a358f9a673": {
        "name": "Barbara Rosenblum",
        "base_salary": 10566
    },
    "w_83c39c5b-b95d-4b01-a5b5-c5cb5ae8fed1": {
        "name": "Dallas Richardson",
        "base_salary": 9447
    },
    "w_4c15c37b-5d8c-411c-b64c-bdaa869b9430": {
        "name": "Donald Crabtree",
        "base_salary": 9200
    },
    "w_8311df5c-790e-4916-b926-72e8f5392175": {
        "name": "Michael Brennan",
        "base_salary": 9567
    },
    "w_f0ef7b3d-c9d2-45e9-8777-cca722c7675c": {
        "name": "Margaret Jenkins",
        "base_salary": 10480
    },
    "w_7355717e-f7fb-449c-a326-19ecbaa85f24": {
        "name": "Rena Evans",
        "base_salary": 9797
    },
    "w_3ed303fe-8856-4447-a14e-630cf5668674": {
        "name": "Pamela Henson",
        "base_salary": 10523
    },
    "w_713fc6a6-dc0d-4fc6-9dd3-8316d107eac2": {
        "name": "Gerald Taylor",
        "base_salary": 10664
    },
    "w_75e89751-b4a5-4d51-8a55-10832860439a": {
        "name": "James Sun",
        "base_salary": 9504
    },
    "w_443b3681-7d6b-425b-a1e1-2ae5d4ddbafb": {
        "name": "Mary Shaw",
        "base_salary": 10022
    },
    "w_53c91e9a-45bf-4e3c-afd9-08e289be1602": {
        "name": "Laurel Hollander",
        "base_salary": 10092
    },
    "w_76f4fd3c-d7d4-42cd-8139-2df0504c0806": {
        "name": "Matthew Collins",
        "base_salary": 9243
    },
    "w_82df65b0-a826-4fcd-b745-298c8e6c029e": {
        "name": "Nicholas Bell",
        "base_salary": 9933
    },
    "w_defe5b01-796c-4866-89c0-d8203c3d3204": {
        "name": "Sasha Hebner",
        "base_salary": 10513
    },
    "w_7ba73e10-60e1-4c12-8703-bab0abf95084": {
        "name": "John Mcneill",
        "base_salary": 10985
    },
    "w_32969e5e-bdaf-4120-a017-3c7b5ab89b3b": {
        "name": "John Faust",
        "base_salary": 9424
    },
    "w_772fe7dc-71b8-4522-b622-538339ec1a26": {
        "name": "Maria Harp",
        "base_salary": 9943
    },
    "w_34126a92-d5f0-460d-a9a1-d7fb682a6c38": {
        "name": "Stephen Kowalchuk",
        "base_salary": 9268
    },
    "w_ee11874c-0f69-46b2-b8a7-3cfbc044d917": {
        "name": "Fernando Brown",
        "base_salary": 9099
    },
    "w_27c7db5a-6c6d-40a8-bb54-e0c4dc934fa6": {
        "name": "Donald Price",
        "base_salary": 10877
    },
    "w_98091be7-4842-4f4f-817c-6da71837b73f": {
        "name": "Carol Young",
        "base_salary": 9726
    },
    "w_80fcc3b6-f3b3-4c19-8ef4-75d2d98c418a": {
        "name": "Charles Walling",
        "base_salary": 9769
    },
    "w_5d2d8e58-7786-4d67-b1fd-8ddfdc91b807": {
        "name": "Brandon Taylor",
        "base_salary": 10396
    },
    "w_12304c83-b4ea-4c52-b41b-8b6d63b0684c": {
        "name": "Ralph Frankel",
        "base_salary": 8880
    },
    "w_22559612-90a6-4a7c-8ed9-27d495988b62": {
        "name": "Tracy Zenz",
        "base_salary": 9515
    },
    "w_ac95b4e6-1c5e-41a5-b1ff-7cc79a0aaab7": {
        "name": "Columbus Field",
        "base_salary": 9949
    },
    "w_2937f895-1cf8-4b5f-af0c-d78cd5cb89b4": {
        "name": "Chester Alcorn",
        "base_salary": 9734
    },
    "w_d1f759e8-c956-442f-8018-bc447ffb03ea": {
        "name": "Melissa Newbold",
        "base_salary": 11760
    },
    "w_5ccb3f66-ed44-4a24-86c4-949ca7338bf4": {
        "name": "Mary Murphy",
        "base_salary": 10090
    },
    "w_23eb0586-f78c-48b7-b60a-219a0dba0adb": {
        "name": "Betty Bilbo",
        "base_salary": 9498
    },
    "w_3e56b912-5e7a-4b3c-8e08-7807f9e742f1": {
        "name": "Amber Falconi",
        "base_salary": 10614
    },
    "w_e3d917da-c659-4b79-8c0e-fcd3754a7054": {
        "name": "Richard Vandyke",
        "base_salary": 9662
    },
    "w_def25cdc-2e4e-4141-860b-ac6799e3b258": {
        "name": "Jade Shelton",
        "base_salary": 10954
    },
    "w_5ea1c29a-5e51-4a49-859f-1f3c6e936ec5": {
        "name": "Tamara Hossack",
        "base_salary": 9878
    },
    "w_71942070-439b-423d-ae0b-c72b10ec7ea5": {
        "name": "Laura Jensen",
        "base_salary": 9711
    },
    "w_949d15f5-3a82-43c7-a527-8fb06b628c55": {
        "name": "Roger Williams",
        "base_salary": 10644
    },
    "w_92b4baec-860d-4139-bfb5-f5d1bfca20b8": {
        "name": "August Garneau",
        "base_salary": 10448
    },
    "w_4fdb7cad-b4fa-4073-9b4a-53cf9869206e": {
        "name": "David Waddell",
        "base_salary": 9503
    },
    "w_e8628351-f854-493c-b362-01974851a115": {
        "name": "Steven Sapp",
        "base_salary": 10673
    },
    "w_70b2915e-acfd-40e1-b26d-62f153850576": {
        "name": "Cynthia Scheidecker",
        "base_salary": 8985
    },
    "w_b4603a0d-3e7b-4680-b104-ff2d51d31c89": {
        "name": "Steven Greek",
        "base_salary": 10347
    },
    "w_7750aed9-7ed8-48be-85f0-3358fd7c7fa9": {
        "name": "Benjamin Jones",
        "base_salary": 9699
    },
    "w_e086ae44-0cc4-45be-9627-bed1608a13b1": {
        "name": "Camille Allen",
        "base_salary": 10182
    },
    "w_825ef9e2-7ca8-4480-8260-dd1d01a534ca": {
        "name": "Vivian Maresco",
        "base_salary": 10387
    },
    "w_31ed26bb-c932-4ffe-9a11-07da93583f80": {
        "name": "Audrey Trudeau",
        "base_salary": 9838
    },
    "w_1ab36024-a889-4f7d-a6d4-9c9353164c32": {
        "name": "Travis Standifer",
        "base_salary": 9515
    },
    "w_4831c3a3-a6ce-4a31-871b-c72dfceddaa5": {
        "name": "Sherry Bliss",
        "base_salary": 10415
    },
    "w_e757de8e-2e1c-46e0-b37d-55f4641008d9": {
        "name": "Mary Rivers",
        "base_salary": 10059
    },
    "w_af02dbaa-6be6-4b58-8aa7-62da5d1b8d9a": {
        "name": "Jerry Muller",
        "base_salary": 9438
    },
    "w_438f7408-f3a4-4099-a492-67627fd65f39": {
        "name": "Luis Pecoraro",
        "base_salary": 9844
    },
    "w_608f31ae-605f-45a7-873d-957379f2e4f0": {
        "name": "James Walls",
        "base_salary": 9557
    },
    "w_484664c4-45fe-49ae-a214-b0183f0e26a2": {
        "name": "Richard Evangelista",
        "base_salary": 9480
    },
    "w_abca15c1-85d1-4641-9ac1-615b50da6767": {
        "name": "Nicholas Russell",
        "base_salary": 9429
    },
    "w_f88c1db6-0817-4725-9187-022e710f59ab": {
        "name": "Rufus Sabol",
        "base_salary": 10352
    },
    "w_c7dd74c9-0515-4bdc-97f0-a0dc491c1a4e": {
        "name": "Lorraine Tardif",
        "base_salary": 10337
    },
    "w_b7e66401-f49f-4cf0-a2c7-b46a3ecbcc62": {
        "name": "Vance Hanauer",
        "base_salary": 10421
    },
    "w_c562e6b7-c2f5-489f-9978-e1a35840547a": {
        "name": "Ruth Gade",
        "base_salary": 10015
    },
    "w_08544cf4-bbf0-42a3-a40f-6e45b0486ce5": {
        "name": "Sherry Adolphson",
        "base_salary": 9693
    },
    "w_09f17e59-f1c0-4d20-a1e4-6650d1cdab67": {
        "name": "Jerry Schartz",
        "base_salary": 10700
    },
    "w_17276913-e36d-48c0-a24f-f57066e74f3c": {
        "name": "Caroline Bradley",
        "base_salary": 10559
    },
    "w_1b7a6531-9ea9-42bc-8fde-d39d713bed51": {
        "name": "Fran Morrow",
        "base_salary": 9475
    },
    "w_f9acfd8b-ca35-493e-acd8-42bc31674588": {
        "name": "Carissa Fitzhugh",
        "base_salary": 9449
    },
    "w_7bb7293f-10eb-49c4-8ce5-a12420612c72": {
        "name": "James Quaranto",
        "base_salary": 9292
    },
    "w_8e75ceec-eb9a-4440-ae5e-9068148ab3eb": {
        "name": "Kenneth Flannigan",
        "base_salary": 9593
    },
    "w_d9ed1f85-0703-4e48-8972-dc294a368594": {
        "name": "William Summer",
        "base_salary": 9732
    },
    "w_5d5eefaa-8f4f-4dbf-a347-6239bd32416f": {
        "name": "Shannon Holmes",
        "base_salary": 10117
    },
    "w_677944b8-d7e3-4ae2-9af8-dc2ebe7578c4": {
        "name": "William Taylor",
        "base_salary": 9058
    },
    "w_ac35dd6e-d953-4073-afac-1513ab2b5c97": {
        "name": "John Nguyen",
        "base_salary": 9378
    },
    "w_02ef3108-a644-4ea2-a5c5-1f899d475737": {
        "name": "Eddie Rybowiak",
        "base_salary": 10728
    },
    "w_3c4db76e-2d8e-4740-9873-a2d23a01c8cf": {
        "name": "John Sulik",
        "base_salary": 9942
    },
    "w_1283a480-f018-4493-87e1-cc7a4f7165a5": {
        "name": "Shawn Cleveland",
        "base_salary": 9943
    },
    "w_981f16a7-f78c-4d1a-b868-983412d70227": {
        "name": "Charles Lynum",
        "base_salary": 9558
    },
    "w_6fddd3e4-bc5a-4b88-a498-ff6165241237": {
        "name": "John Frazier",
        "base_salary": 10293
    },
    "w_cc05acbc-46af-4171-a894-afa37fcc6a08": {
        "name": "Jimmy Duffy",
        "base_salary": 9525
    },
    "w_e652f01c-7eb3-42e3-9cff-5cc170578e44": {
        "name": "Claude Coney",
        "base_salary": 9438
    },
    "w_f1649db9-5299-4f39-ba2a-5e7a1e78e53e": {
        "name": "Alexander Fedele",
        "base_salary": 10602
    },
    "w_9190fdfc-1843-4fa1-9840-f5d5239ee5c4": {
        "name": "Julie Rivera",
        "base_salary": 10019
    },
    "w_b5409f1e-308b-444f-81bf-87c042fc53ed": {
        "name": "Joshua Wade",
        "base_salary": 9468
    },
    "w_d7133e23-281b-43fc-b1ee-06adcdf3fc26": {
        "name": "Constance Swain",
        "base_salary": 10211
    },
    "w_4a274170-d84f-4b79-ac81-9c4cc78930bb": {
        "name": "Steven Lenk",
        "base_salary": 9274
    },
    "w_66f145de-7aff-4dfb-8d98-28dcfaf41a0e": {
        "name": "Joe Baley",
        "base_salary": 10322
    },
    "w_fb1dc337-9daa-4940-a2ee-55db7ad1619b": {
        "name": "Howard Gibbons",
        "base_salary": 10111
    },
    "w_d45ce7e5-6d3f-4129-a17c-1837d8a06406": {
        "name": "Corey Ota",
        "base_salary": 10255
    },
    "w_95610512-2c5b-4fe2-b558-3f22129b2205": {
        "name": "Barbara Kelly",
        "base_salary": 10088
    },
    "w_2206b0ae-c82f-418c-b173-02614da993b1": {
        "name": "Donna Castleberry",
        "base_salary": 9804
    },
    "w_1930beac-7e91-43b6-b88f-22983b248b4d": {
        "name": "Hazel Krishun",
        "base_salary": 9303
    },
    "w_73650eb4-1a13-463e-bfb5-cc29ee3273ee": {
        "name": "Charles Meadows",
        "base_salary": 9066
    },
    "w_8fd71f8d-477c-47b4-b08c-aed047a2194c": {
        "name": "Paul Downing",
        "base_salary": 9586
    },
    "w_3124a301-7c44-40c2-ae8a-e5fbab3f4bea": {
        "name": "David Brown",
        "base_salary": 10336
    },
    "w_2a352156-e647-4381-a482-0f1c37979207": {
        "name": "Audrey Torres",
        "base_salary": 10933
    },
    "w_4e337188-ef6f-4810-9b92-46639e82b06f": {
        "name": "Monica Rapa",
        "base_salary": 9441
    },
    "w_5f8595a8-630d-4d84-ac26-ddb831293e80": {
        "name": "Terrance Houston",
        "base_salary": 9566
    },
    "w_52d74501-5f91-4ec7-abd0-f8177ccfc5c9": {
        "name": "Stephanie Kozel",
        "base_salary": 10002
    },
    "w_66958e9b-e18d-40ed-84d4-d3dc0c35349c": {
        "name": "Richard Williams",
        "base_salary": 10242
    },
    "w_da33fa50-0567-49fd-9e80-e6195c1fa708": {
        "name": "Reginald Buzbee",
        "base_salary": 10013
    },
    "w_952a0468-7418-4a63-a257-23f0d26b7e18": {
        "name": "Lucille Conway",
        "base_salary": 9681
    },
    "w_f4d7bd38-b5a9-4029-b778-ad1d168652cb": {
        "name": "Paul Lopez",
        "base_salary": 10321
    },
    "w_db30423f-6673-4ec0-9392-99e62295e5b2": {
        "name": "Stephen Carter",
        "base_salary": 9888
    },
    "w_70d00305-a222-4457-bde8-46d3054b096f": {
        "name": "Vonda Podolsky",
        "base_salary": 9901
    },
    "w_23a83ea3-4afd-4a01-a845-6c29ec78932a": {
        "name": "Darryl Louque",
        "base_salary": 10908
    },
    "w_9cee1f1f-4660-4ce9-b6f9-92ef87ddd0f8": {
        "name": "Silvia Viviano",
        "base_salary": 10370
    },
    "w_b37742d9-7eae-4d34-8805-6e8fb892a076": {
        "name": "Marvin Lawson",
        "base_salary": 10108
    },
    "w_95c18d5a-26ee-43ad-9032-c4ee35ada626": {
        "name": "Tamekia Aguayo",
        "base_salary": 10261
    },
    "w_963d31ef-67a4-4cc3-8686-72f8731df4b6": {
        "name": "Michelle Cundiff",
        "base_salary": 9926
    },
    "w_b15e077e-2dc0-4add-9a70-f04c56259f98": {
        "name": "Stephanie Layman",
        "base_salary": 9697
    },
    "w_e1662cf2-70e1-4ee3-b9fe-9524fd20b595": {
        "name": "Fredrick Franklin",
        "base_salary": 10269
    },
    "w_3cbcf16f-2173-4281-bad0-b5579ba0f123": {
        "name": "Dawn Campbell",
        "base_salary": 11304
    },
    "w_50f12ba0-8474-4b7c-932c-cd3c709c57fa": {
        "name": "Joe Dilworth",
        "base_salary": 9446
    },
    "w_be2c8e5b-0e69-4bca-ae24-a397a1cd5d96": {
        "name": "Bruce Leggett",
        "base_salary": 10313
    },
    "w_f3893bb8-d6b9-4820-b44e-b5d81bf61493": {
        "name": "Tomas Deming",
        "base_salary": 10276
    },
    "w_d0002aa5-e9b0-4e6a-995e-026b17ed98fa": {
        "name": "Lora Bertrand",
        "base_salary": 10033
    },
    "w_13d18d15-4b16-4090-bab3-a4f71eac3b95": {
        "name": "Teri Wilder",
        "base_salary": 9232
    },
    "w_8faa74a7-9685-4fed-87bf-a46f43059120": {
        "name": "David Smith",
        "base_salary": 10102
    },
    "w_b6cf5d2e-58ea-4b98-88be-8acb5973952c": {
        "name": "Voncile Chandler",
        "base_salary": 9957
    },
    "w_ca73cef1-5ae6-4930-a1c9-e7e7ee251258": {
        "name": "Allen Nelsen",
        "base_salary": 9709
    },
    "w_ff59e406-e6df-458b-a609-d8515eb511ef": {
        "name": "Teresa Thomas",
        "base_salary": 9396
    },
    "w_231ed974-3359-4687-81ce-ed18e5d1585a": {
        "name": "Patrick Montoya",
        "base_salary": 10076
    },
    "w_0248a761-cca0-42b4-89e3-6c3940f4c767": {
        "name": "Mercedes Shaw",
        "base_salary": 10445
    },
    "w_28d8e7af-6590-4d66-a84b-8cab86284755": {
        "name": "Rachel Jimenez",
        "base_salary": 10688
    },
    "w_ac6710e4-937b-4806-a3ec-c53b725d3213": {
        "name": "Andrew Brooks",
        "base_salary": 9778
    },
    "w_9622bb55-3930-40f1-a8d9-4b944813ccef": {
        "name": "Barbara Brelsford",
        "base_salary": 9585
    },
    "w_ef6510d0-e1cf-4d5b-be40-a06292674594": {
        "name": "Keith Millick",
        "base_salary": 9928
    },
    "w_061da0e7-d315-4101-8080-7dec79d35214": {
        "name": "Joseph Currin",
        "base_salary": 11658
    },
    "w_fe2a2048-30d3-4f02-8921-069584e541c3": {
        "name": "Roger Begor",
        "base_salary": 9743
    },
    "w_41205c23-11ec-48a6-a10d-67594d9a2e5d": {
        "name": "Jefferson Beanblossom",
        "base_salary": 10301
    },
    "w_fa4d555e-016a-43c2-8f09-d32596eebebe": {
        "name": "Mary Johnston",
        "base_salary": 9706
    },
    "w_1e1b088c-fae0-4959-b047-31f556cb52e0": {
        "name": "Debra Boden",
        "base_salary": 9916
    },
    "w_62a3ef2d-7d36-4e75-bcfc-d46295ecbee9": {
        "name": "Greg Ritter",
        "base_salary": 9418
    },
    "w_7901dc18-cfb7-43ea-a58a-6c1086b37bb2": {
        "name": "Wesley Mcwhorter",
        "base_salary": 10053
    },
    "w_76e31c80-2f01-48e8-884c-05dadf973f85": {
        "name": "Pauline Cervantes",
        "base_salary": 10161
    },
    "w_9b9aaee3-670b-4332-af79-c5d144e732da": {
        "name": "Adrienne Bradford",
        "base_salary": 10269
    },
    "w_30bdafb0-3571-46e1-aedb-8b68cb3a97fb": {
        "name": "Jeff Cook",
        "base_salary": 9626
    },
    "w_a6876c6f-de4e-4df5-96c9-3dacaeee6e79": {
        "name": "Jacqueline Mosley",
        "base_salary": 9192
    },
    "w_e921fc65-daa1-4ea0-8f98-88f882fa4c4a": {
        "name": "Herman Griffin",
        "base_salary": 10361
    },
    "w_fa018b76-ffa2-4a9c-a12e-371166f7e8fb": {
        "name": "Victoria Dotson",
        "base_salary": 9783
    },
    "w_a28a34e5-5098-4bf0-80bb-182c9d30e945": {
        "name": "Wesley Felix",
        "base_salary": 10935
    },
    "w_fc22f0c5-a130-4090-8502-197f0baba445": {
        "name": "Malika Finley",
        "base_salary": 9387
    },
    "w_dfd11e41-0ac4-40de-a1a0-e543cb30a1da": {
        "name": "Ida Jamison",
        "base_salary": 11579
    },
    "w_60b740b6-1f63-40a5-8b6b-e2db34fc8089": {
        "name": "Mike Wilson",
        "base_salary": 10142
    },
    "w_e989ccdf-e80e-4243-8e61-dfb30e2cbe6e": {
        "name": "Kenneth Schmidt",
        "base_salary": 9612
    },
    "w_b10bca39-ff2c-4426-8aa1-66ad81ce26cb": {
        "name": "Ralph Espinal",
        "base_salary": 11121
    },
    "w_ce76f712-e909-4fc3-aacd-f99ed9482fbb": {
        "name": "Brenda Taylor",
        "base_salary": 10127
    },
    "w_342f379b-430e-4e98-8dc1-2dc6fb997df8": {
        "name": "Mark Heron",
        "base_salary": 9598
    },
    "w_d5628d90-b1bc-4e42-bfbd-19a9dd63dd5a": {
        "name": "Leo Carson",
        "base_salary": 9843
    },
    "w_d334207c-bf00-4d8d-a48e-bef311cc5596": {
        "name": "Suzanne Eldridge",
        "base_salary": 10228
    },
    "w_eaad5347-a1ed-41d7-a843-ac271a123aa6": {
        "name": "Gordon Coleman",
        "base_salary": 10058
    },
    "w_e519306c-b07f-4b48-8ba2-319c34ef97c1": {
        "name": "Garry Simpson",
        "base_salary": 9496
    },
    "w_e099914d-2110-4fa8-b6af-403fe7d58f06": {
        "name": "Michael Bustillos",
        "base_salary": 10241
    },
    "w_fab3cfe6-0f7e-46b0-835f-9d5d8c53fc8c": {
        "name": "Sharon Gammon",
        "base_salary": 9862
    },
    "w_45e2e312-f01f-48b8-a7af-69c111b43875": {
        "name": "Carl Tanner",
        "base_salary": 10214
    },
    "w_522b07cf-cd07-4744-884d-7588ff696ee6": {
        "name": "Boyd Burns",
        "base_salary": 12030
    },
    "w_55696b40-b93b-4073-a285-4ae3e7dd2773": {
        "name": "Thomas Counts",
        "base_salary": 11661
    },
    "w_708af910-044c-4a61-bd1a-25aac804ea69": {
        "name": "Mary Brothers",
        "base_salary": 10344
    },
    "w_ea2668e4-cafc-4e4f-a381-21fd5b9255e2": {
        "name": "Amos Labonte",
        "base_salary": 10597
    },
    "w_ec9e6fa8-23a3-4200-8fa7-c4974c8e08e5": {
        "name": "Katharine Stuer",
        "base_salary": 10184
    },
    "w_1990545f-1b78-47ed-935b-d2cabc1ec69c": {
        "name": "Kevin Robinson",
        "base_salary": 12501
    },
    "w_df22eda8-d997-476f-9582-14c25d6a71a4": {
        "name": "Robert Zepeda",
        "base_salary": 10565
    },
    "w_87da64cf-f7ac-434f-9a17-37fd385c8485": {
        "name": "Terrence Allen",
        "base_salary": 11835
    },
    "w_6d9b7523-0137-42c6-be35-5253b0c38b0c": {
        "name": "Brandon Baldwin",
        "base_salary": 10281
    },
    "w_cad585c2-d55e-434f-8a2e-a4f69b4eeaea": {
        "name": "Matthew Denham",
        "base_salary": 10369
    },
    "w_a7a73348-c8cf-4637-89c5-84412858a8af": {
        "name": "Robert Thomson",
        "base_salary": 10248
    },
    "w_85dfb8ab-d348-4c73-9c82-f426a5230461": {
        "name": "Donald Dray",
        "base_salary": 9547
    },
    "w_f2631932-f975-4de4-ab9b-fdbaa76ef0bd": {
        "name": "Vance Leslie",
        "base_salary": 10035
    },
    "w_e0328e4e-cbe3-4083-bfaa-9932a8d435e0": {
        "name": "Alexandra Jay",
        "base_salary": 11073
    },
    "w_e8166b58-73a3-4231-b10a-e8a722b63e9c": {
        "name": "Ruth Stratton",
        "base_salary": 9928
    },
    "w_fd56402e-e953-43f9-90ba-3d781cdac27d": {
        "name": "Thomas Gatewood",
        "base_salary": 10263
    },
    "w_49fc5706-305a-4d57-ade1-027030cda955": {
        "name": "Joe Thomas",
        "base_salary": 10433
    },
    "w_0c163c8d-b59c-4291-b3fc-1ce8e1a1b439": {
        "name": "Richard Moore",
        "base_salary": 10013
    },
    "w_e5b4e572-54b7-443c-92b8-5cfdef410fcf": {
        "name": "William Hunter",
        "base_salary": 10513
    },
    "w_70145036-10ce-4232-a653-4bf4ee94a548": {
        "name": "Michael Work",
        "base_salary": 9974
    },
    "w_aa58243a-e3b0-4de4-9f41-8c4d9ee3b761": {
        "name": "Barbara Martin",
        "base_salary": 10483
    },
    "w_b1013fa1-1dbb-4808-9d82-94b10ffb253a": {
        "name": "Irene Reed",
        "base_salary": 10257
    },
    "w_4af7a20a-a017-4356-9db4-d6cc3d5eeae0": {
        "name": "Paul Gerber",
        "base_salary": 10300
    },
    "w_b0842abd-38cb-4ca7-8988-19ad211d7805": {
        "name": "Roslyn May",
        "base_salary": 9999
    },
    "w_72bddf33-3cf4-4490-9a4c-656f337018ae": {
        "name": "Johnny Burnett",
        "base_salary": 9814
    },
    "w_5df67e3f-dac7-4a19-b93a-2c2ab1018015": {
        "name": "Maryann Coleman",
        "base_salary": 9842
    },
    "w_b23cc76a-4671-40d3-84a9-341f1f0a44ce": {
        "name": "Luis Fremont",
        "base_salary": 9866
    },
    "w_0dd4d069-86cf-4f4d-980b-358dcfab5c97": {
        "name": "Katie Hernandez",
        "base_salary": 9521
    },
    "w_9805f0c5-9b63-4e0f-9c90-5097604b4617": {
        "name": "James Moody",
        "base_salary": 9903
    },
    "w_6f13f0c6-5b1c-415c-9b7d-0dc9e0b68745": {
        "name": "Christina Rasmussen",
        "base_salary": 10465
    },
    "w_76314965-94b5-4318-9e49-86660afa963c": {
        "name": "Sherry Baker",
        "base_salary": 10383
    },
    "w_d5ed3666-82f5-4bb6-bec7-97c0d64b6f4e": {
        "name": "Christopher Potter",
        "base_salary": 9372
    },
    "w_d4d36b82-201b-4b5c-b30a-062ec384861a": {
        "name": "Paul Myers",
        "base_salary": 10314
    },
    "w_5d07ac3f-0f7e-4426-9be7-990f5df23e5a": {
        "name": "Thomas Stilwell",
        "base_salary": 10112
    },
    "w_048e6ffc-c89b-42b4-8f89-bce7491b035d": {
        "name": "Linda Mccollum",
        "base_salary": 9367
    },
    "w_5f4d56f7-fdd2-4b6f-8e15-94381b148fc9": {
        "name": "Bonnie Kemp",
        "base_salary": 10103
    },
    "w_8ce42c06-543e-40f8-bd16-b30614c712cc": {
        "name": "Helen Seeley",
        "base_salary": 9803
    },
    "w_959ff64c-d39b-48c5-be35-17be090efb7d": {
        "name": "Joseph Baldwin",
        "base_salary": 10107
    },
    "w_fb273412-a5f5-41d8-afb5-5f97d11ecec5": {
        "name": "Scott Chism",
        "base_salary": 9930
    },
    "w_10a80ae7-f569-430f-b2cc-5b86011409a3": {
        "name": "Bonnie Wise",
        "base_salary": 9421
    },
    "w_6203ba62-652a-4975-baf3-4b1dc18f67de": {
        "name": "Gillian Hines",
        "base_salary": 10695
    },
    "w_2daf2367-73f6-40c8-84bd-05884f8601da": {
        "name": "Robert Kautz",
        "base_salary": 9951
    },
    "w_7f359500-2854-49cf-b845-b8b434a16547": {
        "name": "James Harford",
        "base_salary": 10254
    },
    "w_0e77494d-6062-4cdb-bfed-740e356f2f45": {
        "name": "Carolyn Jones",
        "base_salary": 10028
    },
    "w_58dc82af-4172-4e5b-a161-478e35beac02": {
        "name": "Michael Bond",
        "base_salary": 10265
    },
    "w_613b9a90-1681-4e23-81db-1f7dbe321030": {
        "name": "Joyce Frankhouser",
        "base_salary": 9814
    },
    "w_82946e1b-4f1e-4b4e-a11d-49d8ea03eb32": {
        "name": "John Mello",
        "base_salary": 10600
    },
    "w_2ba083ef-0e24-4b34-82c2-0bb7e4a3dcef": {
        "name": "William Craddock",
        "base_salary": 9712
    },
    "w_29dccb41-876e-4963-818c-d6fd54dca104": {
        "name": "Juanita Fitch",
        "base_salary": 10399
    },
    "w_d0847951-d906-4826-888a-d1fd7350a504": {
        "name": "John Morano",
        "base_salary": 11457
    },
    "w_af325090-fec3-46e2-9ac0-dc91f661e185": {
        "name": "Matt Smith",
        "base_salary": 9293
    },
    "w_e9afc234-3faf-4de2-ad0a-ede557db228c": {
        "name": "Richard Gregory",
        "base_salary": 10249
    },
    "w_f4de2178-7c3c-4a37-bfa7-544660de17c4": {
        "name": "William Moody",
        "base_salary": 10296
    },
    "w_045869a5-469b-4f6d-a972-a8ae8907ce64": {
        "name": "Marie White",
        "base_salary": 10113
    },
    "w_4f2cea7f-357d-4e83-ba4c-0571615098b7": {
        "name": "Angela Hicks",
        "base_salary": 10469
    },
    "w_7e065263-6eb9-47f5-9faa-55000d996b13": {
        "name": "Millard Calkins",
        "base_salary": 10004
    },
    "w_e9261cb0-1c2d-40ed-9ee9-8e9666e8b558": {
        "name": "Allison Buckley",
        "base_salary": 9382
    },
    "w_f1a58186-3979-44a6-9312-f3523cab2351": {
        "name": "Michael Crawford",
        "base_salary": 9662
    },
    "w_8d1c5d10-b986-42c7-8f86-cb1c0453ac65": {
        "name": "Andrew Cook",
        "base_salary": 9920
    },
    "w_dd78c1f0-51ae-4cd0-841e-9dfd2ddd6020": {
        "name": "Douglas Tuenge",
        "base_salary": 10891
    },
    "w_2e0e475e-faf0-4534-990f-43551ced14e2": {
        "name": "John Walker",
        "base_salary": 10209
    },
    "w_d3787e64-8431-4f48-adc5-2d5c0de03475": {
        "name": "Gladys Batchelor",
        "base_salary": 10936
    },
    "w_5fc86d52-7c0f-4142-bdd4-ace142a6f21e": {
        "name": "Karen Adams",
        "base_salary": 9613
    },
    "w_b9b378a4-4a1b-4212-b999-fe1e6efd1953": {
        "name": "Matthew Johnson",
        "base_salary": 10453
    },
    "w_677153a1-2cdb-470f-bf4c-2b60bbca24df": {
        "name": "Grace Forehand",
        "base_salary": 9960
    },
    "w_551c9858-3ebd-457c-b6b0-6f4e065b69d1": {
        "name": "Henry Schleich",
        "base_salary": 9625
    },
    "w_95899031-142d-4fe0-b231-736c97e75f6d": {
        "name": "Kristin Goldberg",
        "base_salary": 9696
    },
    "w_d5a0ec1a-2ea2-4af2-a629-db135e4d47e9": {
        "name": "Armando Elkins",
        "base_salary": 10001
    },
    "w_a58c37ee-baed-4007-8034-ccffcef13b5f": {
        "name": "Sandra Young",
        "base_salary": 9972
    },
    "w_a7b31253-883b-41cd-aa2c-8305068f0ba7": {
        "name": "Eddie Rosario",
        "base_salary": 10429
    },
    "w_19ac7d75-2241-47b0-a0dd-2ba815b79fd3": {
        "name": "Phyllis Lynch",
        "base_salary": 10348
    },
    "w_1f19e44e-ef34-46f4-b3f8-cd7b5adf6e1f": {
        "name": "Justin Williams",
        "base_salary": 9381
    },
    "w_05478f09-97fe-4979-b59a-dd5233417e48": {
        "name": "Andrew Loyd",
        "base_salary": 10335
    },
    "w_323a001a-ed6b-4721-a41e-f071e2c491b1": {
        "name": "Grace Simmons",
        "base_salary": 9571
    },
    "w_fba86fe6-f331-4a9f-87b2-81f5e149ae58": {
        "name": "Barbara Frandsen",
        "base_salary": 10437
    },
    "w_d4707fc0-afe5-49e6-b007-1d910369573e": {
        "name": "Arnulfo Fusco",
        "base_salary": 10285
    },
    "w_8cdb33b2-e637-42ca-a34a-a8c73915f466": {
        "name": "Stella Bell",
        "base_salary": 12907
    },
    "w_753903cc-b37b-441c-86da-6bd4a8150010": {
        "name": "John Brooks",
        "base_salary": 9520
    },
    "w_c7a9168f-3afa-4180-bc28-9364d2b4a620": {
        "name": "Amy Cross",
        "base_salary": 11692
    },
    "w_ee623702-ed0d-45b6-a18f-b5c45e1784ac": {
        "name": "Andrew Plummer",
        "base_salary": 9530
    },
    "w_c501ca08-b1eb-4ec8-a9fe-f4a0732a82ca": {
        "name": "Robert Novak",
        "base_salary": 9519
    },
    "w_f5529844-bd2b-4852-bdd5-4471df25c5c0": {
        "name": "Karen Oshaughnessy",
        "base_salary": 9614
    },
    "w_dc94c630-48e8-43da-bd4b-9695bc679596": {
        "name": "Anita Parker",
        "base_salary": 9329
    },
    "w_60945b9d-2d2a-4298-8db9-bebd011a3df4": {
        "name": "Clarence Eason",
        "base_salary": 10230
    },
    "w_dafc8198-465b-494c-8561-e928121006cb": {
        "name": "Courtney Clevenger",
        "base_salary": 10188
    },
    "w_afe094d6-a6e1-4da5-a04a-83a645da8cf8": {
        "name": "Peter Howard",
        "base_salary": 9656
    },
    "w_ebdfb38f-78d1-4d7c-bb24-54e5729d4ff0": {
        "name": "David Engel",
        "base_salary": 10542
    },
    "w_188019d0-da7b-499c-85a3-fd21a0147cd8": {
        "name": "Terrance Regalado",
        "base_salary": 10122
    },
    "w_4015b5b0-826a-446f-8676-46d2ad87b415": {
        "name": "Luther Henderson",
        "base_salary": 10102
    },
    "w_c367fdbb-56da-4da1-9094-242a0d34cdea": {
        "name": "Grace Carson",
        "base_salary": 11467
    },
    "w_437a0a92-3de1-45a9-9db3-392d3f36895e": {
        "name": "John Strout",
        "base_salary": 9336
    },
    "w_1b9e9acf-9804-4573-91a4-4686cbbc8661": {
        "name": "Ryan Johnson",
        "base_salary": 9760
    },
    "w_c046eb57-9546-42af-90a5-42737885f9c9": {
        "name": "Raymond Alexander",
        "base_salary": 10840
    },
    "w_8f4775eb-858e-47a2-ab1d-fff95010cdd5": {
        "name": "Lorraine Wilson",
        "base_salary": 9529
    },
    "w_8f2c3d7a-b22a-47ce-9547-64f0960c7bb5": {
        "name": "Carl Canty",
        "base_salary": 10619
    },
    "w_7dbe9ea3-c07e-4f83-beae-dcb9b61155cb": {
        "name": "Maudie Pena",
        "base_salary": 9588
    },
    "w_d459b89c-a22f-4bc2-92cf-4af21472f46f": {
        "name": "Allen Viner",
        "base_salary": 10031
    },
    "w_c57b1368-69f5-4aa2-aea1-d8f429d5d378": {
        "name": "Jody Sanmartin",
        "base_salary": 9632
    },
    "w_1426728e-7174-47d9-bf58-f7baebbfb6bc": {
        "name": "Greg Spruill",
        "base_salary": 10239
    },
    "w_92002f5b-d51d-4c65-8d82-977f59292a28": {
        "name": "Patrick Calderon",
        "base_salary": 9766
    },
    "w_694b46d4-7f0b-42e8-bf1e-f01ee43664b7": {
        "name": "Paula Smith",
        "base_salary": 9847
    },
    "w_91c48994-b036-4f38-9d5b-ffd7a2afe617": {
        "name": "Timothy Ryder",
        "base_salary": 9930
    },
    "w_279399aa-78dd-474e-9ee3-d9ca724a7fc0": {
        "name": "Doris Runyon",
        "base_salary": 10055
    },
    "w_83ec521b-ac28-426f-93df-06df1b9db4cf": {
        "name": "Matthew Wang",
        "base_salary": 10204
    },
    "w_23d189f7-08e2-4df9-9faf-ec5ba43b149b": {
        "name": "Walter Weathers",
        "base_salary": 9686
    },
    "w_ec71228d-f109-4ae4-b0cb-527f11bb4281": {
        "name": "Ruth Cincotta",
        "base_salary": 10427
    },
    "w_5ade08c2-458b-47a3-b90c-20c9d8babca4": {
        "name": "Steven Telford",
        "base_salary": 10398
    },
    "w_d4a8838a-d411-4bb2-8b42-887972143de9": {
        "name": "Duane Garcia",
        "base_salary": 9615
    },
    "w_4f22369b-d19f-42c7-b882-796f6faf9008": {
        "name": "Herman Valliant",
        "base_salary": 10453
    },
    "w_a74cc5be-91dc-4b7d-b2ce-3cb109483058": {
        "name": "Darrin Moore",
        "base_salary": 9571
    },
    "w_581b477e-186a-45cb-a36b-7b2027f7d79f": {
        "name": "Patricia Woods",
        "base_salary": 10182
    },
    "w_646480a2-3ec8-4c11-afc6-0e7814ffe4e4": {
        "name": "Nita Watkins",
        "base_salary": 10924
    },
    "w_e67472ee-20e5-44a0-bc77-abd871aacfe3": {
        "name": "Vivian Rodriguez",
        "base_salary": 9987
    },
    "w_b4153672-1685-462f-8b01-ede8291789c5": {
        "name": "Antonio Bernstein",
        "base_salary": 10356
    },
    "w_942789ad-c5f8-4b23-aa7f-e1bd4fd905f1": {
        "name": "Frances Burns",
        "base_salary": 10733
    },
    "w_1549acfb-f6d9-47d5-bb31-2c1ab21a1d1d": {
        "name": "Emily Smith",
        "base_salary": 9134
    },
    "w_b71fb313-2b95-451c-a5ea-3b2eae6e6d05": {
        "name": "Tia Stanley",
        "base_salary": 9779
    },
    "w_b3a6223e-2efd-4fd5-a86f-bef0200de557": {
        "name": "Laura Thomas",
        "base_salary": 10000
    },
    "w_5c3e78fb-ac83-4def-ad7b-a0c3c1013a04": {
        "name": "Danny Donnell",
        "base_salary": 9901
    },
    "w_969148d9-8496-4c79-9900-3bb562dfc956": {
        "name": "Maria Cope",
        "base_salary": 10322
    },
    "w_c14ade67-234b-49b9-be9b-e09734c1ef28": {
        "name": "Mark Mimaki",
        "base_salary": 9916
    },
    "w_0378cea1-572e-411e-88b3-10496e846248": {
        "name": "Sharon Blevins",
        "base_salary": 9382
    },
    "w_5099e73f-7f21-4829-a8db-4adf747320bf": {
        "name": "Arthur Skinner",
        "base_salary": 10149
    },
    "w_6c1b48f4-3879-4412-8962-6c184482be7b": {
        "name": "Ernest Martin",
        "base_salary": 10321
    },
    "w_7834bcae-588f-4567-9182-0bbbf67e8ce1": {
        "name": "Robert Fallenstein",
        "base_salary": 10382
    },
    "w_b9b1e708-3cf1-4795-bc03-3f3d44fe691b": {
        "name": "Jessica Abrams",
        "base_salary": 9850
    },
    "w_58059508-7e63-4372-b6e3-7e79a9068a9f": {
        "name": "Jeffrey Solian",
        "base_salary": 10888
    },
    "w_fd0a1a91-7609-4fb9-8946-55cae6ebc63d": {
        "name": "Maureen Mcgee",
        "base_salary": 9499
    },
    "w_fb01335e-fe02-4902-ada4-2c19ba3d9b39": {
        "name": "William Henscheid",
        "base_salary": 10175
    },
    "w_58a00353-e5dd-4c4b-b4ba-1ce211f34de9": {
        "name": "Timothy Tyree",
        "base_salary": 10135
    },
    "w_29bdb817-d761-43a1-9777-20635acf499a": {
        "name": "Janice Wohlenhaus",
        "base_salary": 10905
    },
    "w_0bf74ef1-4653-4aa9-8aea-08a363403ba7": {
        "name": "Chris Williams",
        "base_salary": 9480
    },
    "w_e7125007-3ff7-4cb5-bb45-d4706875d22d": {
        "name": "Simon Branner",
        "base_salary": 10116
    },
    "w_5ca5535b-c78a-4d9e-9682-96152dd429ad": {
        "name": "Mary Shellhamer",
        "base_salary": 10175
    },
    "w_a7a951ee-761c-4ced-a126-c9ff91867b11": {
        "name": "Phyllis Delara",
        "base_salary": 10147
    },
    "w_1361c385-e7c9-43ad-9791-c3077dd2ae48": {
        "name": "Casey Santiago",
        "base_salary": 11872
    },
    "w_411ee7f7-fd39-4397-9bfe-3827f12da7ff": {
        "name": "Carol Schoemaker",
        "base_salary": 9971
    },
    "w_6d43e5b8-b26f-43e8-ac9f-0a6783a3c0f5": {
        "name": "Michael Griffin",
        "base_salary": 10656
    },
    "w_c74d3f72-f593-44b8-a4f5-d82e78f42c38": {
        "name": "Tommy Guzman",
        "base_salary": 9388
    },
    "w_8b4f5dff-160f-40db-82f1-ec95184be951": {
        "name": "Marie Sevillano",
        "base_salary": 9859
    },
    "w_64d3c53c-5a68-4ee6-ae5a-7b8f26af9bbe": {
        "name": "Robert Hardy",
        "base_salary": 10118
    },
    "w_fb3b96f0-2953-4a10-a9f4-75587509be2b": {
        "name": "Celeste Filkins",
        "base_salary": 9657
    },
    "w_9dd16790-66b4-433c-85e8-657f2bb4e103": {
        "name": "Junior Garcia",
        "base_salary": 10032
    },
    "w_d31fdc3a-f933-4f71-83d2-6bf75f79b7fc": {
        "name": "Helen Goldizen",
        "base_salary": 12590
    },
    "w_49fb706d-fb94-41d8-9032-e32886bc65a5": {
        "name": "Corine Damm",
        "base_salary": 9236
    },
    "w_844a8148-4a03-416b-a557-4cc790b2e9e3": {
        "name": "Helen Colvin",
        "base_salary": 9235
    },
    "w_ad28a81d-d125-48a8-8f22-a5703287e8c9": {
        "name": "Chang Mckee",
        "base_salary": 9539
    },
    "w_24779c20-3426-4b5b-b4a9-59dd4384b30a": {
        "name": "Eric Sanchez",
        "base_salary": 10455
    },
    "w_71594cea-8971-44fb-97ca-a6d24fd86c7b": {
        "name": "Eunice Martin",
        "base_salary": 9861
    },
    "w_9005f6df-864e-491d-983f-def2a772514f": {
        "name": "Richard Mccarter",
        "base_salary": 10202
    },
    "w_102fe9eb-76cf-45d2-aeb5-715ce5e485bb": {
        "name": "Arthur Mcleod",
        "base_salary": 10063
    },
    "w_88df481d-a9d4-4013-8111-49c737b66299": {
        "name": "Elaine Evans",
        "base_salary": 9199
    },
    "w_d477980f-7e92-482d-84db-1632c23d54c8": {
        "name": "Carlos Oconnell",
        "base_salary": 10872
    },
    "w_6a631ecd-1329-43d3-8d9d-8410795b4d6c": {
        "name": "Dawn Provost",
        "base_salary": 10405
    },
    "w_1e097f00-3bdf-4e5f-b2e2-8e072c6d138e": {
        "name": "Anthony Bright",
        "base_salary": 9815
    },
    "w_c21514da-afbd-4da1-81d5-a587adb7bde6": {
        "name": "Marilyn Platt",
        "base_salary": 9590
    },
    "w_22f31cd0-dea5-45a5-84c4-27e0832408c2": {
        "name": "Henry Weber",
        "base_salary": 9883
    },
    "w_32ca8bb3-02d4-48ef-ae18-98966564f9f8": {
        "name": "Patricia Neal",
        "base_salary": 11213
    },
    "w_e61eefe3-3642-4a27-b611-6edc115e8935": {
        "name": "Ava Johnson",
        "base_salary": 10292
    },
    "w_d6d630e5-f0ee-4133-89f4-cbca658b0523": {
        "name": "Hans Fortner",
        "base_salary": 10749
    },
    "w_c40385d9-c523-4be4-9ee3-bdfbf0f15a6a": {
        "name": "Warren Cirillo",
        "base_salary": 9620
    },
    "w_86ced7a8-7ece-4417-85eb-75f203868ae3": {
        "name": "Joan Daly",
        "base_salary": 10592
    },
    "w_1df08dad-900e-4a9a-b5e6-5bc4e88f41e9": {
        "name": "Dean Cameron",
        "base_salary": 10481
    },
    "w_d3a034bd-9731-4727-a7fe-1adf562ad3a9": {
        "name": "Megan Howell",
        "base_salary": 9396
    },
    "w_0a873e8f-667f-44fc-9087-c8f9c2f0d8b3": {
        "name": "Rodney Marcus",
        "base_salary": 10096
    },
    "w_88a11f8b-59cb-4a19-a43a-1085c9661173": {
        "name": "Michael Rogers",
        "base_salary": 10355
    },
    "w_42ee6ec7-95c9-4640-bb77-51a0a77478be": {
        "name": "Jessica Reed",
        "base_salary": 10229
    },
    "w_4d225bb6-9913-41dc-aefc-d4127052bc3d": {
        "name": "Paul Artrip",
        "base_salary": 10397
    },
    "w_6d2f0d33-5f58-49c6-88c4-31f9020e8e46": {
        "name": "Robert Braden",
        "base_salary": 9813
    },
    "w_ac5a26c1-1162-4882-aaf2-c1b5425bac07": {
        "name": "Jose Recker",
        "base_salary": 9795
    },
    "w_94789403-6aa1-4e58-9af2-dded617aec9a": {
        "name": "Steven Gonzales",
        "base_salary": 9174
    },
    "w_006be806-a7bb-4a8e-b08b-3a00a117f15a": {
        "name": "Bonnie Thrall",
        "base_salary": 12582
    },
    "w_aced4486-36f3-4c17-9f63-65f7cee1b555": {
        "name": "Antonio Alves",
        "base_salary": 10177
    },
    "w_6ea10331-b7df-40e7-a1d1-b7588a91b9c0": {
        "name": "Jared Hoover",
        "base_salary": 10314
    },
    "w_cb719b47-0138-4a2b-a247-027d90e896cb": {
        "name": "Delbert Hulse",
        "base_salary": 12356
    },
    "w_c12feae8-b912-4531-8af9-c1eb6e997bf9": {
        "name": "Gary Moronta",
        "base_salary": 9835
    },
    "w_4301a1ca-d4b9-44b7-be3e-6835bb72a935": {
        "name": "Robert Roberts",
        "base_salary": 10421
    },
    "w_cf0195ce-5ed7-40af-8553-dfc009275cfe": {
        "name": "Javier Nix",
        "base_salary": 9380
    },
    "w_ed7adcef-90cf-4196-9689-ad0fbc5b8218": {
        "name": "Joan Rios",
        "base_salary": 10226
    },
    "w_f13730da-917a-490f-ac88-3ccf2aa2c3d6": {
        "name": "Thaddeus Carlson",
        "base_salary": 10272
    },
    "w_7ba3eaa9-e8a5-4d88-87c8-ff830a90cf25": {
        "name": "Paul Stacy",
        "base_salary": 10344
    },
    "w_7da3ce91-61d4-456a-94f7-2d4e7946d3c7": {
        "name": "Ronald Ayers",
        "base_salary": 10183
    },
    "w_5959f088-3f09-4685-8a92-b2b8bbf38bf6": {
        "name": "Michael Erickson",
        "base_salary": 8512
    },
    "w_9d8ed67f-48e1-4c89-8fd2-308147e5d7ce": {
        "name": "Robert Crittenden",
        "base_salary": 9102
    },
    "w_8a3230ee-eda4-408d-9487-904c831bd224": {
        "name": "Michael Edwards",
        "base_salary": 10658
    },
    "w_0963634d-5982-41f3-b66f-7e5b73c333f6": {
        "name": "Michael Taylor",
        "base_salary": 10080
    },
    "w_13f9bd34-ddd5-4dff-94d0-f02557bbf592": {
        "name": "Robert Woodlin",
        "base_salary": 9077
    },
    "w_664c336f-c6c1-4657-8e8f-87c63cdd6ed3": {
        "name": "Todd Dukes",
        "base_salary": 12312
    },
    "w_8ef36bc1-43f2-4691-ab33-bb08228f0113": {
        "name": "John Braxton",
        "base_salary": 10129
    },
    "w_2a296193-be83-486a-bdba-a9e938c3e61a": {
        "name": "Ronald Finan",
        "base_salary": 10782
    },
    "w_7061ee04-b46b-49bb-8ac9-6bb438af6197": {
        "name": "Scott Gable",
        "base_salary": 10799
    },
    "w_3ae62959-0d4d-4b96-a72e-fc9c7d16e16f": {
        "name": "Mark Rodriguez",
        "base_salary": 10284
    },
    "w_e41cf69c-ae3a-4493-b044-2b46f3b8b74d": {
        "name": "Jennifer Kinsley",
        "base_salary": 10359
    },
    "w_8f01e9ce-2cc5-4b0a-bf79-2acae8120305": {
        "name": "Lori Barnhart",
        "base_salary": 9657
    },
    "w_24646c80-4bab-4300-80d0-58cbb80ab84a": {
        "name": "Velma Davis",
        "base_salary": 9774
    },
    "w_45e30bcf-c7fd-4481-8e90-a3421c360589": {
        "name": "Kelvin Levy",
        "base_salary": 9968
    },
    "w_7fbe52a6-244b-4c4d-9d36-9b628df33e8c": {
        "name": "Michael Revis",
        "base_salary": 10327
    },
    "w_d94e8e7c-72ae-4837-b505-e435ed323f5c": {
        "name": "Ryan Davis",
        "base_salary": 9595
    },
    "w_5bf09f1c-ccdb-4349-845b-6575b9c6c3ee": {
        "name": "Robert Newland",
        "base_salary": 10005
    },
    "w_46cbf615-edf9-425c-8396-1e96651fb8c3": {
        "name": "Gwendolyn Bland",
        "base_salary": 10799
    },
    "w_cb6c5013-8105-469f-b41d-57252f24e317": {
        "name": "Karla Fields",
        "base_salary": 10247
    },
    "w_deb19768-ac08-4a36-96ee-cf777683d29c": {
        "name": "John Kimpel",
        "base_salary": 9723
    },
    "w_4591bbd2-39d4-4c6d-8ec6-5bdeabcb9327": {
        "name": "Betty Simmonds",
        "base_salary": 10008
    },
    "w_dfb02837-7498-4237-9e65-2a2860d35b7d": {
        "name": "Marc Harris",
        "base_salary": 10130
    },
    "w_23052640-2320-4a11-b0e9-eb1a564fe283": {
        "name": "David Price",
        "base_salary": 9740
    },
    "w_236870bc-f385-463b-a717-3819233ad52d": {
        "name": "Margaret Yazzie",
        "base_salary": 10015
    },
    "w_14f49f34-2b3d-455b-a456-f59324a87aed": {
        "name": "Jesse Ward",
        "base_salary": 10772
    },
    "w_ae3abcc1-ca04-441c-83d2-47ed325ad5dd": {
        "name": "Florence Houpe",
        "base_salary": 9648
    },
    "w_0a13a0de-8759-4adb-9955-c8aec755ae15": {
        "name": "Brian Temple",
        "base_salary": 9200
    },
    "w_806882e3-c18c-4906-8e82-4b1918780ec7": {
        "name": "Jerry Petersen",
        "base_salary": 9917
    },
    "w_37ddabd5-95d9-486a-830b-060028f032f9": {
        "name": "Jimmy Hertler",
        "base_salary": 9470
    },
    "w_daaaca5d-2e96-4975-a873-5122d6a07620": {
        "name": "Laurie Davis",
        "base_salary": 9480
    },
    "w_68d683db-dea4-4729-b563-bc1f99b5e877": {
        "name": "Katie Houge",
        "base_salary": 10410
    },
    "w_6a09818d-c28a-4ddc-b85d-e63c781a8ead": {
        "name": "Robert Crabb",
        "base_salary": 10209
    },
    "w_d9ac0c7a-18bb-4cfd-b218-96726ef99752": {
        "name": "David Murphy",
        "base_salary": 10220
    },
    "w_fb2979af-8408-42b2-ade1-44fca7bc55e1": {
        "name": "Irma Salsbury",
        "base_salary": 9974
    },
    "w_05e44d14-9a57-47cb-ad0e-e5c846bd3b08": {
        "name": "Jennifer Wolf",
        "base_salary": 10280
    },
    "w_a3fe39be-b5f2-4c6e-b872-6f952247ffde": {
        "name": "Carlos Way",
        "base_salary": 10294
    },
    "w_fda97290-5da5-45ac-94e7-d02f951f8b49": {
        "name": "Eugene Phillips",
        "base_salary": 9141
    },
    "w_cf828a7e-00ea-4f54-b915-26e2738de741": {
        "name": "Ernesto Pigott",
        "base_salary": 12047
    },
    "w_01abe3b4-af73-4521-b5c8-bd582d9d2d89": {
        "name": "Lester Isacs",
        "base_salary": 9829
    },
    "w_34061454-1014-4812-9e29-843dc4b63ec2": {
        "name": "Brandon Jensen",
        "base_salary": 9254
    },
    "w_aee1ce11-3969-4658-bffe-3bd776d67691": {
        "name": "Willie Lewis",
        "base_salary": 9606
    },
    "w_0a5765f0-d2f5-4c2e-ab4b-ecd712f0325e": {
        "name": "Dennis Bordeaux",
        "base_salary": 9683
    },
    "w_43aa10b2-8c7e-44b8-8634-fcc4d9961318": {
        "name": "Martin Ludlam",
        "base_salary": 10526
    },
    "w_a2448f34-522b-4da1-b5a1-0c41430475db": {
        "name": "Christy Duncan",
        "base_salary": 9428
    },
    "w_2b91d869-692a-42ab-9014-83993eeeecad": {
        "name": "Linda Garcia",
        "base_salary": 10382
    },
    "w_937fed87-ea32-44fe-99b1-ae23786c3a63": {
        "name": "Bill Rhead",
        "base_salary": 9756
    },
    "w_f80fd628-2135-4817-9c5f-d1301fcc1a8f": {
        "name": "Rebecca Smallidge",
        "base_salary": 10278
    },
    "w_cbfdb9dd-c647-444b-ab77-5ba0671b9684": {
        "name": "Janet Paul",
        "base_salary": 9723
    },
    "w_78a14ea2-b16a-4cec-94b0-bfdfa33a6cd4": {
        "name": "Blanca Gustafson",
        "base_salary": 10570
    },
    "w_360677f0-b7b3-4497-a67b-fffaa55427ae": {
        "name": "Ruben Brown",
        "base_salary": 10630
    },
    "w_d1f12918-3c28-40bc-99ad-35644bfbe1b8": {
        "name": "Maria Slaton",
        "base_salary": 9907
    },
    "w_705838ed-301c-48e8-96b7-c12b984e7cea": {
        "name": "Angela Stewart",
        "base_salary": 9457
    },
    "w_11ecf5e4-3bfc-4369-8118-542a0c3018aa": {
        "name": "Helen Cunningham",
        "base_salary": 10231
    },
    "w_4f0f5d2a-fe06-4dfe-994e-4fca24c43eb5": {
        "name": "Stephen Berthelette",
        "base_salary": 10304
    },
    "w_d35b313d-8876-48a7-a915-58007c0f0ee9": {
        "name": "Gary Alvarado",
        "base_salary": 9720
    },
    "w_72007326-d02e-449f-9407-83a8f2c85d2c": {
        "name": "Winston Monroe",
        "base_salary": 10112
    },
    "w_1ebc2c82-4983-4f7d-a93a-bae8d1830079": {
        "name": "James Jackson",
        "base_salary": 9918
    },
    "w_b61a5b52-f24d-4fb0-a7da-2cc81eee522c": {
        "name": "Terri Maddrey",
        "base_salary": 9348
    },
    "w_c12a7b3c-22cd-47d7-a81e-912027f560e8": {
        "name": "Sergio Giles",
        "base_salary": 9673
    },
    "w_87b91f43-c69e-4921-bfe0-742598d0e334": {
        "name": "Claire Reed",
        "base_salary": 10307
    },
    "w_668bfcfd-40a1-447e-9b04-a17697606414": {
        "name": "Mary Ashpole",
        "base_salary": 9611
    },
    "w_1fd257f7-7d9c-499f-b1ec-f0699def814a": {
        "name": "Georgia Lamb",
        "base_salary": 10219
    },
    "w_176054ce-f19a-49b2-b84b-9900a9ca9bd3": {
        "name": "Larry Ballard",
        "base_salary": 10096
    },
    "w_e3ecdb26-9297-4c33-ab8f-cd67b2c209a0": {
        "name": "Henry Lopez",
        "base_salary": 10000
    },
    "w_f264a632-b776-4fe7-9e7f-14fa5e6de381": {
        "name": "John Aronson",
        "base_salary": 10586
    },
    "w_08922220-330a-416d-9215-5493c82dc352": {
        "name": "Lester Hazen",
        "base_salary": 9777
    },
    "w_7c474495-333d-48a8-ab39-4eb6decb351f": {
        "name": "James Delay",
        "base_salary": 9819
    },
    "w_8db43e14-f24b-4062-87f1-d6b4d9e80b0b": {
        "name": "Elizabeth Abbey",
        "base_salary": 10812
    },
    "w_44ab87a8-34f1-4535-9274-9ccb9b2256ac": {
        "name": "Rubin Khachatoorian",
        "base_salary": 10915
    },
    "w_59865a91-5a3e-4b6d-aa01-a237b2f26875": {
        "name": "Richard Daniel",
        "base_salary": 9981
    },
    "w_f9b826e1-71c9-4916-9fea-c3db25760eba": {
        "name": "Phillip Goodnight",
        "base_salary": 11682
    },
    "w_00020787-2ccf-492e-bae4-0d04a4d7ec8a": {
        "name": "Michael Lewis",
        "base_salary": 10433
    },
    "w_a3517c0a-f194-4d73-8f35-555688268f7e": {
        "name": "Nathan Rodney",
        "base_salary": 10670
    },
    "w_fe89bc24-7071-4e47-89cd-f4b180817d55": {
        "name": "Michael Holmes",
        "base_salary": 11014
    },
    "w_fdfc2986-f7d5-45b1-8ce9-d0a68b8ae16e": {
        "name": "Felix Guild",
        "base_salary": 10078
    },
    "w_198e18d5-7838-4df5-9313-05095702f9e6": {
        "name": "Keith Bradshaw",
        "base_salary": 9951
    },
    "w_b0df47c9-b67c-47c2-934a-64b24e5d8b47": {
        "name": "Frank Thackaberry",
        "base_salary": 8876
    },
    "w_e4023ed9-4122-41b0-a44b-8ef9175656ba": {
        "name": "Roger Rittenhouse",
        "base_salary": 10405
    },
    "w_5050c90e-1470-4c4d-8394-f6380a40059f": {
        "name": "Misty Cohen",
        "base_salary": 10031
    },
    "w_65801f53-4db6-4b3f-8460-efd485fffbdb": {
        "name": "Jeffery Demoss",
        "base_salary": 10114
    },
    "w_99a53c26-bbd7-4053-b3a8-21c51dcc1a8e": {
        "name": "Lori Zunich",
        "base_salary": 10582
    },
    "w_b3883aa2-0111-45fe-a883-f739fd7e623f": {
        "name": "Jeffrey Hagle",
        "base_salary": 10348
    },
    "w_4dba5802-acc8-4ff1-bfb6-f4afb4d1a610": {
        "name": "Oleta Walters",
        "base_salary": 10032
    },
    "w_c94b5f03-9334-416a-8877-070d6379b68b": {
        "name": "James Wray",
        "base_salary": 9775
    },
    "w_7dc8c0a4-6ad7-4dc1-b8b1-aa3f66116c8c": {
        "name": "Caitlin Henry",
        "base_salary": 8926
    },
    "w_d9e5513e-d125-4ae2-bcc8-d980f7a19f1f": {
        "name": "Joann Walker",
        "base_salary": 9871
    },
    "w_b0470535-727d-4e21-8f39-1e4155ee31a9": {
        "name": "Ralph Hogan",
        "base_salary": 9710
    },
    "w_2c1d1a49-1d18-402a-83f3-b973d3aad89d": {
        "name": "Ernest Beauchamp",
        "base_salary": 10138
    },
    "w_813177ad-6ae6-4330-bf5f-8cb0978b5eb9": {
        "name": "Brian Zimmer",
        "base_salary": 9713
    },
    "w_d441ab29-fa14-4b6a-b27e-34d56274cf60": {
        "name": "Thomas Britten",
        "base_salary": 10014
    },
    "w_4344faa9-ed04-471f-8200-a986207ceed2": {
        "name": "Michael Lee",
        "base_salary": 10149
    },
    "w_e1b60bbc-fd7d-48a1-ab6e-d5e83d9829c9": {
        "name": "Ralph Warren",
        "base_salary": 9839
    },
    "w_a8d5af0e-8a36-4356-9273-0ed6f4c56c2f": {
        "name": "Andrew Jackson",
        "base_salary": 10611
    },
    "w_211ea884-1fe3-4b02-9eea-5beb1075b89d": {
        "name": "Byron Boll",
        "base_salary": 10305
    },
    "w_ab772bb3-e204-49ff-9593-b5fa01945f3b": {
        "name": "Hiram Bright",
        "base_salary": 10199
    },
    "w_df30c763-8008-45c4-b6e5-cadf5803e621": {
        "name": "Mark Gray",
        "base_salary": 10233
    },
    "w_b63d84fe-3c7f-482d-ad2a-c8762e616859": {
        "name": "Curtis Jones",
        "base_salary": 10918
    },
    "w_474b718b-47f7-4d4b-8e58-5fa5600436e1": {
        "name": "Emerson Rasor",
        "base_salary": 9966
    },
    "w_c1732037-189c-47a3-8ecd-58f4fd3d15f1": {
        "name": "Jonathan Vigil",
        "base_salary": 12316
    },
    "w_c14892ac-90c9-4c20-94a3-ec9388799f6a": {
        "name": "Erin James",
        "base_salary": 9952
    },
    "w_348a1d03-baed-4969-a532-191af541be3a": {
        "name": "Verda Alvarado",
        "base_salary": 9365
    },
    "w_051a100d-388f-4f10-892c-d088b37a67ff": {
        "name": "Lydia Hill",
        "base_salary": 9228
    },
    "w_6ea93375-5699-44b4-89f5-29c49c2abe37": {
        "name": "Helen Martell",
        "base_salary": 9701
    },
    "w_785d0d25-e3d2-4895-947d-a457ac172176": {
        "name": "Patricia Rinaldi",
        "base_salary": 9607
    },
    "w_7dc9d320-444d-4e04-968e-2d8802ba7bef": {
        "name": "Monica Williams",
        "base_salary": 11076
    },
    "w_a1d25a2e-06f7-4aa7-b4f8-6358dd9b7ffb": {
        "name": "Shawn Newman",
        "base_salary": 10934
    },
    "w_454ae8fa-9e50-4b6f-8c95-359adcc952f4": {
        "name": "Stanley Neal",
        "base_salary": 10554
    },
    "w_82eaec0a-e3b1-4346-a093-b39ab1d6de74": {
        "name": "James James",
        "base_salary": 10562
    },
    "w_c6b94f32-4af8-4710-a6db-3de45776f1b5": {
        "name": "Mathew Hakimian",
        "base_salary": 10756
    },
    "w_61e12db2-0c45-4121-b541-368c0d84afb1": {
        "name": "Joan Texeira",
        "base_salary": 11241
    },
    "w_9d7e3a35-6d54-480f-a3ec-961a68c346ad": {
        "name": "Boyd Hayes",
        "base_salary": 9697
    },
    "w_68591376-e3c8-46ec-a517-c21453502207": {
        "name": "Erik Allyn",
        "base_salary": 10828
    },
    "w_be49c9db-1726-4c85-9fcf-1b7ce6f7e207": {
        "name": "Norma Sexton",
        "base_salary": 9868
    },
    "w_0d8f3cd6-d27c-4fab-8064-5421c38394b8": {
        "name": "Harley Campos",
        "base_salary": 9106
    },
    "w_d0e99a0d-860b-45d0-915f-96d0a217f1d8": {
        "name": "Ralph Hill",
        "base_salary": 10094
    },
    "w_39a0d289-5317-4746-bde3-4eb212ccb63f": {
        "name": "Scott Locker",
        "base_salary": 10466
    },
    "w_4ae3e951-e7de-4740-8037-2c8debe5222c": {
        "name": "Harry Santana",
        "base_salary": 10088
    },
    "w_a89f8873-4571-4d1f-8a6f-28f3cde10641": {
        "name": "Dennis Hooker",
        "base_salary": 10388
    },
    "w_b69a6d1e-71b4-4287-a884-26a91256b601": {
        "name": "Christopher Eld",
        "base_salary": 9168
    },
    "w_76f4b231-5c55-426c-813f-b981fd45ae4e": {
        "name": "Evelyn Mccormick",
        "base_salary": 10450
    },
    "w_415fce6d-d561-4f70-a89c-fd440b88cace": {
        "name": "Bobbi Bogosh",
        "base_salary": 10381
    },
    "w_d962a466-7615-4719-9f3c-137efbfb8265": {
        "name": "William Pockrus",
        "base_salary": 10405
    },
    "w_ea5943b3-ece8-4afb-b6ae-2963777496d4": {
        "name": "Charles Garrett",
        "base_salary": 10000
    },
    "w_476cfa7f-9961-4450-aefb-fdbd3d1dbc1a": {
        "name": "Ella Sprauve",
        "base_salary": 10496
    },
    "w_dd684140-be47-455f-a00f-0c21fb54752e": {
        "name": "Howard Elder",
        "base_salary": 10432
    },
    "w_dbca87ef-dddc-4b5a-bcd4-0ed2ade1e60d": {
        "name": "Shirley Millington",
        "base_salary": 10672
    },
    "w_972693d7-5edb-4499-abcb-98861d5a72e8": {
        "name": "Anthony Nagel",
        "base_salary": 10873
    },
    "w_4d6a56fd-1d07-477f-b86a-2ced18e96076": {
        "name": "Roger Doubet",
        "base_salary": 9881
    },
    "w_62aff065-2e41-4d62-a64e-a6c5783ef77a": {
        "name": "Randall Clark",
        "base_salary": 9610
    },
    "w_46c17e47-9b03-482a-9d91-eeabb5eb1b84": {
        "name": "Eleanor Williamson",
        "base_salary": 10455
    },
    "w_f5400776-c6cc-4563-b835-b5ee56242aa1": {
        "name": "Jack Schram",
        "base_salary": 14756
    }
}